0, 0,Cr,-0.027423,-0.017219,0.044435,-0.001901,0.004016,-0.056583,-0.002540,0.040744,-0.022806,-0.009016,-0.027160,0.031723,0.006028,0.023955,0.021801,0.048264,0.038392,0.014530,0.018168,0.004460,0.064881,0.029216,0.013649,0.012679,0.011738,-0.039449,0.020626,-0.018973,0.003448,-0.008165,-0.023658,0.012247,-0.031708,0.024400,-0.007066,0.008173,-0.004697,-0.039446,0.014042,-0.021576,-0.050817,-0.046080,-0.019255,-0.055504,-0.064439,-0.036753,-0.019187,-0.006680,-0.057773,-0.113687,-0.012404,-0.055040,-0.071125,-0.008447,-0.024691,-0.175579,-0.107875,-0.258160,-0.136829,-0.302885,-0.435318,-0.452191,-0.330357,-0.207746,0.008065,0.964286,1.083333,0.470588,-1.000000,-nan,
0, 1,Cr,-0.029761,0.030366,0.053123,0.026343,0.002085,-0.038194,-0.008866,0.035715,-0.027646,-0.011671,-0.022909,0.030192,0.020125,0.015946,0.029183,0.051881,0.041549,0.019830,0.037263,0.022223,0.068134,0.024917,0.013625,-0.004429,0.017018,-0.033193,0.014868,-0.009312,0.005000,-0.004480,-0.019622,0.018604,-0.030067,0.016649,-0.015547,0.021559,-0.010320,-0.037395,-0.004931,-0.024730,-0.061375,-0.056890,-0.039354,-0.056451,-0.072528,-0.044568,-0.042512,-0.027744,-0.062535,-0.113789,-0.024723,-0.083900,-0.084395,-0.026139,-0.058452,-0.198889,-0.078692,-0.280615,-0.190805,-0.327107,-0.323593,-0.493594,-0.303181,-0.197923,0.135847,0.826458,1.194426,1.304147,-1.000000,-nan,
0, 2,Cr,-0.024034,0.030160,0.067453,0.035658,0.001008,-0.039796,-0.004889,0.037448,-0.025612,-0.008757,-0.015223,0.031723,0.022641,0.021821,0.036987,0.051419,0.042220,0.021963,0.037791,0.024078,0.071524,0.019855,0.010523,0.004306,0.018486,-0.035009,0.013571,-0.010669,0.000383,-0.001891,-0.022052,0.017596,-0.024773,0.006584,-0.018556,0.013937,-0.019795,-0.037052,-0.007827,-0.021756,-0.062606,-0.057940,-0.034901,-0.060668,-0.074326,-0.052829,-0.049885,-0.037555,-0.067720,-0.116473,-0.030593,-0.066444,-0.089755,-0.018825,-0.061168,-0.166687,-0.094164,-0.261268,-0.196454,-0.323488,-0.361151,-0.517817,-0.332693,-0.229260,0.105286,0.777316,1.135383,1.242152,-1.000000,-nan,
0, 3,Cr,-0.043798,0.040638,0.067837,0.029049,0.014850,-0.023123,-0.003572,0.039154,-0.025798,-0.001362,-0.008501,0.030033,0.024254,0.020472,0.037851,0.052304,0.040655,0.025680,0.036595,0.022844,0.073860,0.020706,0.016362,0.004852,0.017882,-0.033091,0.014994,-0.010971,-0.002194,-0.005004,-0.027403,0.018230,-0.027934,0.006136,-0.017844,0.007344,-0.022000,-0.037433,-0.011068,-0.023075,-0.065025,-0.062166,-0.031332,-0.053311,-0.074067,-0.056755,-0.053780,-0.041760,-0.075944,-0.121892,-0.037278,-0.070892,-0.095253,-0.031713,-0.076525,-0.178627,-0.106850,-0.271074,-0.207121,-0.332469,-0.369632,-0.524217,-0.341551,-0.239491,0.090614,0.753723,1.107038,1.212389,-1.000000,-nan,
0, 4,Cr,-0.039905,0.044221,0.065379,0.028374,0.016566,-0.024398,-0.002535,0.038821,-0.026141,-0.000874,-0.009340,0.033522,0.023815,0.022093,0.038182,0.053229,0.042444,0.024494,0.037292,0.021948,0.074654,0.019724,0.020384,0.005578,0.017335,-0.031816,0.016267,-0.011398,-0.000284,-0.005299,-0.028025,0.015246,-0.028540,0.004387,-0.019249,0.007955,-0.023879,-0.038668,-0.014187,-0.027103,-0.064768,-0.061120,-0.033011,-0.051707,-0.076534,-0.058596,-0.054978,-0.041035,-0.072160,-0.120827,-0.030244,-0.069785,-0.101176,-0.042014,-0.067587,-0.181608,-0.117972,-0.250205,-0.178118,-0.303438,-0.373560,-0.526313,-0.344451,-0.242841,0.085810,0.745998,1.097755,1.202643,-1.000000,-nan,
0, 5,Cr,-0.024576,0.058166,0.073094,0.029607,0.026325,-0.015706,0.003346,0.043211,-0.019823,0.000545,-0.003604,0.046045,0.035544,0.027528,0.038479,0.061427,0.049333,0.026643,0.042435,0.026992,0.074521,0.027688,0.026843,0.009138,0.019723,-0.030700,0.018970,-0.012188,-0.000717,-0.009051,-0.027858,0.014085,-0.032026,-0.003088,-0.027451,0.001678,-0.034824,-0.048028,-0.022995,-0.037488,-0.075360,-0.071644,-0.043769,-0.062093,-0.086593,-0.068851,-0.065272,-0.051482,-0.082268,-0.130404,-0.040808,-0.079919,-0.110967,-0.052449,-0.077744,-0.190523,-0.127580,-0.258373,-0.187071,-0.311025,-0.380384,-0.531473,-0.351592,-0.251089,0.073982,0.726978,1.074904,1.178649,-1.000000,-nan,
0, 6,Cr,-0.036333,0.064885,0.078307,0.032557,0.030017,-0.005288,0.017244,0.048183,-0.013876,0.008333,0.002162,0.058557,0.039037,0.036124,0.039885,0.063477,0.056592,0.032711,0.051704,0.035147,0.080027,0.027253,0.033460,0.011789,0.024616,-0.030184,0.019350,-0.010414,-0.002272,-0.003641,-0.030612,0.005072,-0.028582,-0.008948,-0.036866,-0.006133,-0.040575,-0.052914,-0.032629,-0.051624,-0.088967,-0.086042,-0.057716,-0.072994,-0.100932,-0.083692,-0.078256,-0.061758,-0.096157,-0.143466,-0.055216,-0.093740,-0.124322,-0.066683,-0.091597,-0.202683,-0.140685,-0.269513,-0.199283,-0.321375,-0.389692,-0.538511,-0.361333,-0.262339,0.057849,0.701036,1.043736,1.145923,-1.000000,-nan,
0, 7,Cr,-0.031347,0.071708,0.082226,0.034844,0.035882,0.002978,0.019400,0.051099,-0.006396,0.013141,0.003704,0.061242,0.040408,0.042062,0.041408,0.064736,0.060613,0.033028,0.051769,0.041940,0.078752,0.028497,0.034416,0.017046,0.023968,-0.029929,0.016436,-0.008313,-0.000988,-0.005119,-0.029608,0.000553,-0.032678,-0.011091,-0.039005,-0.008695,-0.045505,-0.055708,-0.036872,-0.056448,-0.093077,-0.090219,-0.062641,-0.078947,-0.107230,-0.089938,-0.084468,-0.067953,-0.101938,-0.148945,-0.061260,-0.099536,-0.129923,-0.072653,-0.097408,-0.207783,-0.146182,-0.274186,-0.204404,-0.325716,-0.393596,-0.541463,-0.365418,-0.267058,0.051083,0.690155,1.030663,1.132196,-1.000000,-nan,
0, 8,Cr,-0.029732,0.075882,0.083489,0.033939,0.037519,0.006467,0.022039,0.052407,-0.005632,0.014090,0.005652,0.063971,0.041173,0.040147,0.042205,0.064140,0.061863,0.034994,0.050727,0.043492,0.080004,0.029787,0.033337,0.016381,0.025209,-0.029419,0.016108,-0.008526,-0.000910,-0.006074,-0.031340,0.000521,-0.031374,-0.011850,-0.040077,-0.008784,-0.046994,-0.055476,-0.038757,-0.057792,-0.093813,-0.092588,-0.064908,-0.081071,-0.109190,-0.091875,-0.086416,-0.069936,-0.103849,-0.150756,-0.063257,-0.101452,-0.131774,-0.074626,-0.099329,-0.209468,-0.147998,-0.275730,-0.206097,-0.327150,-0.394886,-0.542439,-0.366768,-0.268617,0.048846,0.686559,1.026342,1.127660,-1.000000,-nan,
0, 9,Cr,-0.026569,0.069522,0.085950,0.030908,0.042275,0.008536,0.025033,0.052711,-0.003618,0.013644,0.003318,0.064856,0.040794,0.039783,0.042063,0.067076,0.059860,0.035876,0.053372,0.043616,0.081321,0.032543,0.032568,0.015810,0.025141,-0.028752,0.016656,-0.010122,-0.001693,-0.005521,-0.028772,0.001143,-0.032088,-0.013882,-0.039313,-0.010957,-0.047592,-0.055376,-0.040202,-0.057085,-0.094925,-0.091403,-0.064053,-0.080546,-0.112135,-0.094719,-0.090942,-0.073835,-0.107048,-0.154716,-0.067226,-0.105260,-0.135453,-0.078547,-0.103145,-0.212818,-0.151608,-0.278799,-0.209461,-0.330001,-0.397450,-0.544378,-0.369451,-0.271716,0.044402,0.679413,1.017756,1.118644,-1.000000,-nan,
1, 0,Cr,0.007678,0.016825,-0.056643,-0.007177,0.026794,0.013728,-0.023664,-0.036917,-0.005269,0.014977,-0.056524,-0.044465,-0.032956,-0.005340,-0.018687,-0.002894,-0.014962,-0.030467,-0.014101,-0.035448,-0.014783,-0.021035,-0.014603,-0.001721,-0.010722,0.001947,0.006705,-0.011256,0.007207,-0.023806,-0.039977,-0.015781,-0.014783,0.004203,0.028033,0.042066,0.007695,-0.002541,0.026589,0.060722,0.041304,0.020179,0.044466,0.016304,0.073871,-0.056107,-0.041633,0.075864,0.071721,0.045022,0.022987,0.048174,0.024721,0.018247,-0.030923,0.071069,-0.027680,0.168991,-0.024641,0.187783,0.049767,0.242690,0.307190,0.130653,-0.237805,-0.313187,-0.479167,1.000000,1.500000,5.250000,
1, 1,Cr,0.065310,0.043564,-0.050656,-0.016601,0.008214,-0.000505,-0.017279,-0.031412,-0.006331,0.016694,-0.040863,-0.043527,-0.031644,0.003612,-0.016897,0.013358,-0.010257,-0.018368,0.000287,-0.022848,-0.017878,-0.015199,-0.010308,0.014399,-0.003159,0.013139,-0.001200,-0.017522,0.001723,-0.023986,-0.039941,-0.018775,-0.023716,0.003485,0.019581,0.014306,-0.005840,-0.023815,0.020791,0.042565,0.027631,0.014054,0.046105,0.005156,0.049105,-0.029027,-0.043481,0.046739,0.071650,0.054297,0.048698,0.040623,0.058027,0.050612,0.019478,0.057530,0.001603,0.154803,0.042318,0.233303,-0.012562,0.286008,0.496648,0.352814,-0.156057,-0.256711,-0.614198,1.986858,1.314815,4.787037,
1, 2,Cr,0.059547,0.038903,-0.046093,-0.006249,0.014790,0.007225,-0.017398,-0.020491,-0.005035,0.013406,-0.040826,-0.038097,-0.026566,0.006327,-0.012704,0.016588,-0.007617,-0.009044,0.002353,-0.017876,-0.011694,-0.011505,-0.006321,0.011716,-0.002597,0.006460,0.004897,-0.020719,0.001313,-0.023060,-0.039881,-0.020158,-0.019309,0.000535,0.014350,0.011381,-0.009335,-0.029240,0.014478,0.043300,0.014959,0.010651,0.040070,0.000469,0.039590,-0.031513,-0.042103,0.035500,0.056154,0.046987,0.043039,0.040680,0.057159,0.041890,-0.002174,0.060675,-0.013722,0.168068,0.052961,0.215362,-0.009165,0.380898,0.472471,0.316816,-0.171402,-0.270225,-0.621212,1.932551,1.272727,4.681818,
1, 3,Cr,0.049858,0.042709,-0.046434,-0.000211,0.021311,0.009472,-0.012721,-0.021102,-0.005475,0.013466,-0.037771,-0.039247,-0.023963,0.006908,-0.007873,0.014522,-0.007905,-0.009008,0.000053,-0.018217,-0.015357,-0.012913,-0.008622,0.008989,0.000425,0.007133,0.003226,-0.018661,0.001275,-0.022098,-0.041380,-0.020516,-0.018651,-0.002537,0.013077,0.012553,-0.010662,-0.026212,0.018292,0.045107,0.012773,0.010854,0.040255,-0.002129,0.035406,-0.029339,-0.044545,0.034952,0.054366,0.045329,0.040942,0.037504,0.062043,0.042876,-0.004985,0.056692,0.001270,0.168515,0.048196,0.209863,-0.013649,0.374649,0.465808,0.310858,-0.175151,-0.273527,-0.622926,1.919282,1.262443,4.656109,
1, 4,Cr,0.045063,0.041231,-0.045762,-0.000746,0.023607,0.011023,-0.010857,-0.022104,-0.003044,0.016550,-0.037671,-0.040134,-0.024206,0.007884,-0.005377,0.016423,-0.009575,-0.008282,0.000198,-0.019449,-0.012941,-0.010495,-0.008902,0.010190,-0.000481,0.006517,0.004028,-0.018618,-0.000079,-0.022457,-0.041214,-0.023097,-0.020049,-0.004164,0.014298,0.013446,-0.010326,-0.024620,0.018052,0.042803,0.013525,0.010504,0.038469,-0.002126,0.034409,-0.031245,-0.047324,0.035435,0.052849,0.044319,0.038592,0.035162,0.059645,0.040522,-0.007231,0.054306,-0.000991,0.165877,0.045830,0.207132,-0.015875,0.371546,0.462500,0.307899,-0.177013,-0.275167,-0.623777,1.912692,1.257336,4.643341,
2, 0,Cr,0.125479,-0.024649,0.004951,-0.050611,-0.012839,-0.030815,0.014347,0.016409,-0.013617,-0.007877,0.005527,0.006370,0.015320,-0.013215,-0.001434,-0.016978,0.015607,0.058774,0.003011,0.004602,-0.018372,0.023424,0.033678,-0.015979,0.032383,-0.008679,-0.007363,-0.008951,0.008297,0.037800,-0.000101,-0.023222,-0.038191,0.004873,-0.023854,0.038489,-0.002467,0.025107,0.010246,0.009900,0.018984,-0.027203,-0.062541,0.025599,0.011744,-0.066840,-0.031780,-0.063572,-0.095016,-0.086218,-0.004761,-0.061110,-0.021004,-0.121241,-0.102597,-0.055868,-0.160369,-0.244792,-0.006410,-0.519231,-0.320084,-0.103943,-0.218750,0.157407,0.369863,0.453488,-0.456522,0.785714,-1.000000,-1.000000,
2, 1,Cr,0.090015,0.033935,0.008314,-0.035651,0.012432,-0.025262,0.017295,0.023386,0.000605,0.005042,0.010906,0.015157,0.022980,0.007057,0.021929,-0.013342,0.023746,0.063753,0.021869,0.015037,-0.001925,0.024914,0.032346,-0.001615,0.034590,0.011595,0.006007,-0.008037,0.001947,0.023634,0.001969,-0.025577,-0.044866,0.005099,-0.012174,0.019832,-0.013075,0.005891,0.004332,-0.005835,0.002987,-0.045227,-0.091036,-0.013355,-0.044102,-0.099015,-0.072983,-0.096146,-0.114828,-0.103865,-0.035302,-0.064899,-0.041323,-0.133845,-0.136067,-0.074555,-0.181171,-0.261708,-0.022372,-0.555871,-0.407829,-0.060555,-0.326030,0.067962,0.315520,0.701714,-0.555871,1.405697,-1.000000,-1.000000,
2, 2,Cr,0.078768,0.068706,0.020080,-0.047073,0.016701,-0.018918,0.008920,0.015124,0.002618,0.006731,0.013307,0.012779,0.025912,0.011683,0.022589,-0.013620,0.030358,0.054758,0.031378,0.023338,0.001788,0.022855,0.019029,0.003120,0.034242,0.016211,0.016789,-0.006299,-0.003556,0.024632,0.001203,-0.020708,-0.051518,0.002333,-0.008368,0.013489,-0.011158,-0.005549,-0.005290,-0.013273,-0.017891,-0.054044,-0.106404,-0.041320,-0.064249,-0.102994,-0.080734,-0.086606,-0.088757,-0.064644,-0.020929,-0.032663,-0.024310,-0.116959,-0.079644,0.010846,-0.118052,-0.224048,-0.000024,-0.278260,-0.260992,0.094092,-0.130080,0.098870,0.104129,0.484839,0.067407,1.188184,0.823487,4.470460,
2, 3,Cr,0.106105,0.065309,0.033773,-0.029389,0.026461,-0.007482,0.022516,0.015445,-0.000117,0.003834,0.014219,0.011757,0.027335,0.022891,0.030912,-0.004063,0.041415,0.060013,0.036396,0.033612,0.006494,0.023029,0.025414,0.006186,0.035893,0.009327,0.010914,-0.000747,-0.002964,0.022080,0.003592,-0.022867,-0.049706,-0.005166,-0.008861,0.007326,-0.015120,-0.011039,-0.011828,-0.022150,-0.026220,-0.056792,-0.116133,-0.050097,-0.073605,-0.115143,-0.095661,-0.112157,-0.101476,-0.075439,-0.036532,-0.063574,-0.036217,-0.118763,-0.084623,-0.003560,-0.137227,-0.236756,-0.027682,-0.298223,-0.281433,0.063830,-0.154141,0.068475,0.073590,0.443769,0.037883,1.127660,0.773050,4.319149,
2, 4,Cr,0.136132,0.080616,0.043826,-0.021858,0.036429,0.005884,0.024160,0.020887,0.006609,0.004316,0.013864,0.007280,0.032620,0.025661,0.037489,0.002362,0.054201,0.068914,0.040002,0.033644,0.009271,0.028674,0.032837,0.006711,0.035163,0.015161,0.006185,-0.001004,-0.005780,0.014274,0.002495,-0.021512,-0.048032,-0.010222,-0.015175,0.000063,-0.019412,-0.019323,-0.017003,-0.030027,-0.037550,-0.063317,-0.121167,-0.058908,-0.082265,-0.120475,-0.101447,-0.120348,-0.116210,-0.084692,-0.041923,-0.071004,-0.051743,-0.131771,-0.092638,-0.015639,-0.151667,-0.249530,-0.043956,-0.309968,-0.293459,0.046025,-0.168298,0.050593,0.055622,0.419605,0.020512,1.092050,0.743375,4.230126,
2, 5,Cr,0.166719,0.096839,0.060734,0.000247,0.046469,0.010434,0.033201,0.022759,0.021058,0.014630,0.018523,0.013607,0.036921,0.037208,0.040727,0.013680,0.052840,0.071706,0.039993,0.029352,0.014220,0.028652,0.028309,0.013844,0.034230,0.017682,0.008999,-0.004558,-0.011914,0.006593,0.003545,-0.019543,-0.046595,-0.017496,-0.015841,-0.005648,-0.019163,-0.018926,-0.016112,-0.029460,-0.047583,-0.074281,-0.126837,-0.071603,-0.093940,-0.138598,-0.115690,-0.139179,-0.125809,-0.099187,-0.067816,-0.079072,-0.064425,-0.150351,-0.109094,-0.029537,-0.160417,-0.266432,-0.055399,-0.318454,-0.297978,0.016260,-0.191964,0.020698,0.025584,0.379210,-0.008527,1.032520,0.693767,4.081301,
2, 6,Cr,0.202638,0.127539,0.076832,0.011427,0.053160,0.026653,0.035931,0.025301,0.021940,0.014953,0.019548,0.011623,0.030766,0.035927,0.047651,0.025525,0.046981,0.068299,0.038425,0.027541,0.009576,0.029370,0.025414,0.015801,0.031134,0.014260,0.004327,-0.009992,-0.015243,0.002610,-0.003699,-0.017081,-0.040181,-0.014867,-0.014526,0.000760,-0.018692,-0.009546,-0.026951,-0.023587,-0.044968,-0.080119,-0.121059,-0.063529,-0.097704,-0.134264,-0.117188,-0.124667,-0.131371,-0.101530,-0.067873,-0.099362,-0.075980,-0.145275,-0.118273,-0.060128,-0.148162,-0.227110,-0.052944,-0.270278,-0.254136,0.041044,-0.191384,-0.013392,-0.008670,0.333146,-0.041641,0.964637,0.637197,3.911591,
2, 7,Cr,0.245531,0.157979,0.090625,0.036162,0.071341,0.048266,0.045318,0.035144,0.026292,0.014356,0.015399,0.012942,0.028524,0.040023,0.039710,0.029634,0.032829,0.057525,0.040869,0.031902,0.015707,0.026509,0.022301,0.014854,0.036779,0.019115,0.003482,-0.004051,-0.018683,0.005013,-0.004138,-0.020523,-0.039488,-0.015085,-0.019163,0.005635,-0.013625,-0.005189,-0.018772,-0.028838,-0.056573,-0.087279,-0.126921,-0.073686,-0.090617,-0.141320,-0.127662,-0.125887,-0.140123,-0.111847,-0.092074,-0.114475,-0.089505,-0.145722,-0.112339,-0.060259,-0.169780,-0.247547,-0.087024,-0.296537,-0.280976,0.003582,-0.220482,-0.048895,-0.044343,0.285173,-0.076127,0.893939,0.578283,3.734848,
2, 8,Cr,0.257689,0.161268,0.091211,0.041644,0.065896,0.045807,0.046768,0.039388,0.026332,0.013997,0.014367,0.010362,0.028130,0.036131,0.033503,0.023862,0.026953,0.052509,0.037409,0.030016,0.008478,0.021687,0.019368,0.012568,0.033635,0.022097,0.002962,-0.003519,-0.015736,0.002469,-0.001953,-0.020374,-0.034756,-0.009684,-0.016705,0.009222,-0.009261,-0.005412,-0.016112,-0.024955,-0.041873,-0.079592,-0.120793,-0.067147,-0.077389,-0.129199,-0.119626,-0.128177,-0.148136,-0.123889,-0.094216,-0.114230,-0.093875,-0.153424,-0.124461,-0.058965,-0.156860,-0.246541,-0.091406,-0.304441,-0.289055,-0.007694,-0.229241,-0.059582,-0.055080,0.270733,-0.086508,0.872659,0.560549,3.681648,
2, 9,Cr,0.288042,0.192748,0.119176,0.041773,0.057792,0.033971,0.039282,0.030178,0.028504,0.017538,0.015118,0.011457,0.024661,0.028622,0.024329,0.013740,0.015667,0.036675,0.021935,0.022615,0.001292,0.009582,0.008928,0.007910,0.029869,0.015212,0.000822,-0.004435,-0.013322,0.002295,-0.002427,-0.016491,-0.033713,-0.006522,-0.011536,0.011788,-0.001449,0.001798,-0.009583,-0.024206,-0.030078,-0.053076,-0.080318,-0.045764,-0.067669,-0.088180,-0.081809,-0.097710,-0.132357,-0.124730,-0.110617,-0.121175,-0.085003,-0.148139,-0.132635,-0.082032,-0.161008,-0.222685,-0.064262,-0.294590,-0.294446,-0.029503,-0.246181,-0.080250,-0.075848,0.242805,-0.106584,0.831502,0.526252,3.578755,
3, 0,Cr,0.116071,0.006356,-0.002347,-0.024323,0.012433,0.013730,-0.042166,0.000032,0.001799,0.013059,-0.023349,-0.044907,-0.022706,-0.020164,0.002458,-0.052852,-0.050870,-0.018019,-0.003860,-0.025221,-0.037753,-0.028065,-0.036459,-0.014799,0.006622,-0.023189,-0.009699,-0.016152,-0.004012,0.001652,-0.000202,0.000556,0.015064,0.001674,-0.013051,-0.001566,-0.014247,-0.004012,-0.017873,-0.018264,0.015184,0.049065,0.054631,0.049708,0.011699,0.034668,0.026281,0.032325,0.073739,0.089409,0.144713,0.092152,0.075073,0.086476,0.185345,0.243696,0.039082,0.115747,0.194196,0.177056,0.321138,0.439791,0.168555,-0.029126,-0.313187,0.456311,0.500000,-1.000000,-nan,-nan,
3, 1,Cr,0.112718,0.078193,0.043001,-0.006943,0.007057,0.018614,-0.048709,-0.004935,0.007915,0.018884,-0.025298,-0.024669,-0.024278,-0.013881,0.017406,-0.038906,-0.018330,-0.009007,-0.008565,-0.028802,-0.034496,-0.030235,-0.025328,-0.017387,0.009007,-0.010843,-0.011399,-0.024956,-0.005382,0.002968,-0.008155,-0.005443,0.008547,-0.006000,-0.015954,-0.017462,-0.024859,-0.016643,-0.014671,-0.034367,0.005187,0.040594,0.029357,0.034922,-0.006661,0.027795,0.028427,0.011349,0.081599,0.103306,0.168588,0.125358,0.066285,0.048344,0.155861,0.226981,0.110312,0.189959,0.262791,0.255312,0.403606,0.371091,0.231132,-0.150909,-0.305845,0.352223,0.308216,-1.000000,-nan,-nan,
3, 2,Cr,0.113733,0.088253,0.051174,0.004002,0.005662,0.027568,-0.039237,-0.008559,0.000067,0.020103,-0.020938,-0.013214,-0.022525,-0.014052,0.008357,-0.041298,-0.028770,-0.015271,-0.015242,-0.023254,-0.036239,-0.033595,-0.028507,-0.023293,0.005236,-0.019929,-0.021282,-0.027536,-0.008948,-0.000461,-0.014999,-0.009409,0.003151,-0.000197,-0.007191,-0.010940,-0.012356,-0.019405,-0.005725,-0.025247,-0.002444,0.025450,0.021427,0.029761,-0.007420,0.040732,0.028744,0.024084,0.097849,0.095579,0.162093,0.148074,0.092785,0.092527,0.206581,0.255459,0.144390,0.220333,0.337275,0.280173,0.417639,0.384824,0.473924,0.104447,-0.227113,0.364629,1.046943,-1.000000,-nan,-nan,
3, 3,Cr,0.115156,0.097145,0.050843,0.002346,0.012369,0.035120,-0.026202,0.002364,0.008641,0.023685,-0.013119,-0.008505,-0.018085,-0.011941,0.001816,-0.043259,-0.027032,-0.019244,-0.020624,-0.023679,-0.035820,-0.034477,-0.027919,-0.023883,0.004498,-0.019854,-0.020866,-0.028686,-0.014170,-0.005082,-0.009944,-0.009786,0.004392,-0.001479,-0.003589,-0.008049,-0.012284,-0.024832,-0.006812,-0.024075,-0.006062,0.026222,0.021970,0.026328,-0.011953,0.040472,0.021100,0.015958,0.090711,0.089694,0.165089,0.156788,0.079963,0.101378,0.191833,0.250916,0.133428,0.228770,0.336112,0.280643,0.414774,0.388988,0.431928,0.147240,-0.250375,0.336541,1.020474,-1.000000,-nan,-nan,
3, 4,Cr,0.117299,0.093560,0.055500,0.006061,0.012134,0.035641,-0.019162,0.005939,0.013988,0.028378,-0.008782,-0.008440,-0.016701,-0.011058,0.001579,-0.040485,-0.027680,-0.017617,-0.022491,-0.025662,-0.035477,-0.034585,-0.030001,-0.023911,0.002538,-0.019831,-0.018873,-0.029997,-0.017325,-0.004593,-0.012758,-0.009059,0.002943,0.002053,-0.002748,-0.007194,-0.014578,-0.026960,-0.008074,-0.022922,-0.005249,0.026826,0.021923,0.022950,-0.014004,0.039120,0.019165,0.012479,0.086505,0.083863,0.163568,0.165044,0.075322,0.106666,0.184392,0.254427,0.127407,0.222766,0.330378,0.275147,0.408702,0.383027,0.425782,0.142316,-0.253592,0.330805,1.011803,-1.000000,-nan,-nan,
4, 0,Cr,0.157995,0.006956,-0.010477,0.013052,-0.022765,-0.003541,-0.009829,-0.042155,0.014562,-0.031767,-0.035390,0.025651,-0.011978,0.007410,-0.004535,0.010744,0.007884,-0.002877,0.038534,0.027592,-0.010345,-0.004500,0.044808,-0.037011,-0.001254,-0.019369,0.032533,0.018770,-0.030168,-0.035267,0.016097,0.008117,0.041329,-0.023297,0.015584,-0.045858,-0.049109,0.013839,-0.040035,0.008925,-0.007691,0.017226,-0.022219,-0.004361,0.065919,0.010535,-0.038805,-0.002039,0.025886,-0.037139,0.050482,-0.092161,-0.042373,-0.072300,-0.042100,-0.035794,-0.140565,-0.128959,-0.008380,0.052189,0.112100,0.201923,0.013514,-0.561404,-0.275362,-0.342105,0.388889,-0.218750,-1.000000,-nan,
4, 1,Cr,0.118598,0.047402,0.006883,0.028684,0.000124,-0.012225,0.004639,-0.035412,0.010192,-0.050654,-0.027707,0.020277,-0.009524,0.001172,0.008207,0.016030,0.005575,-0.008362,0.042686,0.014063,0.006427,0.004890,0.051538,-0.029424,0.006694,-0.008552,0.036077,0.007851,-0.024142,-0.030048,0.009052,-0.005218,0.024160,-0.017553,0.003781,-0.036533,-0.037631,-0.004488,-0.033253,0.001480,-0.020207,0.016376,-0.038749,-0.019938,0.042846,-0.008529,-0.042521,-0.012833,0.022665,-0.011584,0.052828,-0.057763,-0.024089,-0.058085,-0.038203,-0.067914,-0.091215,-0.047093,-0.017553,0.104353,0.083045,0.242898,0.122754,-0.031798,-0.282297,-0.202552,0.466276,0.893939,2.787879,-1.000000,
4, 2,Cr,0.146925,0.057984,0.017420,0.035191,0.010168,-0.011076,-0.001525,-0.026112,0.001464,-0.037888,-0.017329,0.023360,0.007554,0.014082,0.020410,0.014125,0.016752,-0.003876,0.045269,0.024370,0.017889,0.006160,0.050950,-0.028569,0.010028,-0.009403,0.033655,0.002544,-0.024378,-0.024477,0.015242,-0.000536,0.014318,-0.012565,-0.004937,-0.045349,-0.048448,-0.017086,-0.044710,-0.010346,-0.033591,0.004908,-0.038015,-0.030722,0.025255,-0.019227,-0.047877,-0.022858,0.016216,-0.030910,0.030842,-0.080798,-0.051397,-0.058191,-0.049335,-0.101436,-0.100284,-0.047838,0.036363,0.143689,0.097802,0.185435,0.094831,-0.082197,-0.317686,-0.233893,0.408649,0.819505,2.639010,-1.000000,
4, 3,Cr,0.151131,0.066982,0.020298,0.040186,0.012478,-0.002433,0.011692,-0.019786,0.004937,-0.022486,-0.007895,0.027809,0.013631,0.018530,0.017602,0.011191,0.019343,-0.001422,0.050190,0.037375,0.027063,0.015216,0.050559,-0.013090,0.012743,-0.001514,0.036601,-0.001181,-0.027140,-0.013652,0.021336,0.000038,0.004333,-0.019346,-0.008514,-0.053443,-0.059954,-0.030009,-0.049995,-0.019736,-0.046096,-0.001223,-0.055642,-0.045105,0.011825,-0.036814,-0.061868,-0.039900,-0.002580,-0.044987,0.018307,-0.100909,-0.062908,-0.080454,-0.058946,-0.116548,-0.128048,-0.053759,0.052579,0.128978,0.129155,0.143197,0.087239,-0.111585,-0.333689,-0.251861,0.375610,0.776830,2.553660,-1.000000,
4, 4,Cr,0.148632,0.057372,0.018910,0.041371,0.016350,0.005285,0.017359,-0.011998,0.007862,-0.013348,-0.003618,0.031589,0.017778,0.017247,0.015943,0.014696,0.025130,0.003277,0.050008,0.036750,0.027983,0.014681,0.050375,-0.009780,0.012859,0.004311,0.038996,-0.002528,-0.025791,-0.011755,0.016760,-0.002539,0.004461,-0.020343,-0.007717,-0.054674,-0.061456,-0.034808,-0.054020,-0.021898,-0.051329,-0.009068,-0.061181,-0.049188,0.003786,-0.043076,-0.069479,-0.047282,-0.011330,-0.053063,0.009696,-0.108513,-0.070833,-0.088231,-0.066904,-0.124019,-0.135421,-0.061761,0.043677,0.119430,0.119606,0.133530,0.078044,-0.119098,-0.339323,-0.258188,0.363977,0.761804,2.523608,-1.000000,
4, 5,Cr,0.150915,0.049562,0.021832,0.044530,0.019059,0.006009,0.023791,-0.004688,0.009499,-0.009912,-0.000828,0.035889,0.022053,0.020905,0.012867,0.011303,0.020910,0.000432,0.051327,0.038931,0.028884,0.015517,0.051415,-0.007134,0.018122,0.010616,0.039192,-0.003273,-0.025652,-0.012786,0.016547,-0.005889,0.002674,-0.023122,-0.009603,-0.053834,-0.061522,-0.035829,-0.056875,-0.022277,-0.055094,-0.012826,-0.064431,-0.054663,0.000528,-0.045073,-0.076050,-0.051634,-0.012141,-0.057604,0.005914,-0.112805,-0.077230,-0.094248,-0.072785,-0.129540,-0.140870,-0.067674,0.037100,0.112375,0.112550,0.126386,0.071250,-0.124650,-0.343487,-0.262863,0.355381,0.750700,2.501401,-1.000000,
4, 6,Cr,0.151642,0.053629,0.024717,0.047141,0.019154,0.005434,0.022722,-0.003739,0.014057,-0.009341,0.001578,0.038687,0.023566,0.021722,0.012365,0.009765,0.019770,0.000258,0.052511,0.039007,0.026757,0.018354,0.050389,-0.003979,0.022964,0.010916,0.039435,-0.002270,-0.026511,-0.012723,0.015336,-0.006621,0.002249,-0.024922,-0.010945,-0.054253,-0.062051,-0.037733,-0.057383,-0.024814,-0.056235,-0.014995,-0.066444,-0.056645,-0.001570,-0.047075,-0.077987,-0.053623,-0.014212,-0.059579,0.003805,-0.114665,-0.079164,-0.096147,-0.074729,-0.131365,-0.142672,-0.069629,0.034925,0.110043,0.110217,0.124024,0.069004,-0.126485,-0.344864,-0.264408,0.352539,0.747030,2.494060,-1.000000,
5, 0,Cr,0.013729,-0.019368,0.076007,-0.008422,-0.011066,0.017013,-0.004975,-0.025667,0.008300,-0.015167,0.005636,-0.053788,0.027197,0.020743,0.010839,-0.020920,-0.024043,-0.000255,0.013612,-0.003494,-0.036249,-0.011654,-0.000894,-0.002577,0.018711,0.018719,-0.003571,-0.007868,0.026836,-0.039759,-0.017463,-0.012293,0.010355,0.008033,0.009805,0.008993,0.024678,0.017869,-0.009595,0.011253,0.038938,-0.010396,-0.025266,-0.035896,-0.041623,-0.039536,-0.040818,-0.002287,-0.037759,0.008960,-0.015786,0.006711,0.042353,-0.013375,0.129178,-0.040484,0.064410,-0.093264,0.070664,0.105845,0.132550,0.160991,-0.348958,-0.102210,0.121795,0.648352,0.086957,-1.000000,-1.000000,-1.000000,
5, 1,Cr,0.007669,0.064895,0.069428,0.010537,-0.013968,0.007218,-0.006111,-0.007813,-0.000802,-0.017019,0.004244,-0.038665,0.031610,0.012208,0.028341,-0.012035,-0.011531,0.014833,0.033757,0.008663,-0.013851,0.010348,0.020339,0.009782,0.008447,0.027083,-0.006557,-0.020032,0.020560,-0.038402,-0.031829,-0.015392,0.000153,0.005189,0.004322,-0.001903,0.007363,0.003441,-0.014570,0.018374,0.017014,-0.021009,-0.025611,-0.036195,-0.061126,-0.063292,-0.047779,-0.009167,-0.054976,-0.020791,-0.033473,-0.026650,0.021218,-0.018948,0.089091,-0.098857,-0.004954,-0.135848,0.024076,0.095606,0.152904,0.052846,-0.354260,-0.083544,0.010393,0.522727,0.004117,-1.000000,-1.000000,-1.000000,
5, 2,Cr,0.010435,0.089344,0.069062,0.017537,-0.021642,0.004470,-0.004496,-0.003669,0.000770,-0.010342,-0.001548,-0.041939,0.031391,0.012046,0.026099,-0.003719,-0.006270,0.019353,0.032231,0.014964,-0.007001,0.012082,0.015732,0.003852,0.009426,0.028145,-0.002912,-0.023005,0.019469,-0.037404,-0.032465,-0.017443,-0.001319,0.004678,-0.005000,0.001354,0.007771,0.000522,-0.017553,0.019637,0.019635,-0.021954,-0.028564,-0.033384,-0.060178,-0.061090,-0.044744,-0.018827,-0.059887,-0.033668,-0.032886,-0.027357,0.032625,-0.022537,0.070799,-0.110093,-0.012053,-0.135720,0.005499,0.075731,0.131990,0.033747,-0.365974,-0.100169,-0.007937,0.495104,-0.014098,-1.000000,-1.000000,-1.000000,
5, 3,Cr,0.007739,0.092580,0.070974,0.020413,-0.017664,0.007496,-0.001728,-0.003514,0.000243,-0.009454,-0.002450,-0.044777,0.027888,0.009634,0.025146,-0.005483,-0.005526,0.021071,0.035219,0.015816,-0.004236,0.010335,0.011061,0.001103,0.006244,0.025466,-0.002474,-0.020027,0.019442,-0.038451,-0.031717,-0.016208,-0.002961,0.003532,-0.005020,0.001812,0.006402,0.002249,-0.013888,0.020831,0.016884,-0.022821,-0.025942,-0.029038,-0.063173,-0.061208,-0.042443,-0.016233,-0.059443,-0.035490,-0.029256,-0.022393,0.045576,-0.010368,0.059625,-0.098401,0.002742,-0.132504,-0.000060,0.070875,0.126879,0.029080,-0.368837,-0.104232,-0.012415,0.488354,-0.018549,-1.000000,-1.000000,-1.000000,
5, 4,Cr,0.011494,0.102272,0.076479,0.020330,-0.019139,0.008597,-0.001340,-0.005527,0.002057,-0.013336,-0.002696,-0.046607,0.025444,0.012078,0.020941,-0.006472,-0.007390,0.020489,0.035375,0.013714,-0.003915,0.008806,0.011511,-0.001040,0.007434,0.026505,-0.002801,-0.020805,0.017339,-0.040339,-0.028809,-0.015327,-0.005530,0.001431,-0.006289,0.000807,0.005625,0.004088,-0.012737,0.021738,0.018975,-0.021373,-0.022026,-0.023769,-0.062591,-0.057654,-0.038650,-0.015412,-0.058965,-0.025976,-0.024357,-0.022403,0.063092,-0.008896,0.046858,-0.093875,0.012386,-0.099304,0.008065,0.054941,0.146526,0.081010,-0.373734,-0.108258,-0.016854,0.481664,-0.022960,-1.000000,-1.000000,-1.000000,
5, 5,Cr,0.015139,0.102310,0.078999,0.022559,-0.015207,0.008033,-0.000085,-0.004317,0.001188,-0.013043,-0.006073,-0.049820,0.021466,0.010681,0.021282,-0.007750,-0.009105,0.018859,0.035557,0.013156,-0.004644,0.013828,0.010743,0.000540,0.003722,0.026613,-0.001554,-0.019217,0.014860,-0.041540,-0.030240,-0.016733,-0.005726,-0.000272,-0.008818,0.000263,0.006940,0.005889,-0.009924,0.023758,0.022811,-0.022395,-0.023467,-0.024535,-0.060198,-0.049306,-0.034241,-0.016719,-0.058048,-0.024350,-0.025520,-0.016309,0.064177,0.002362,0.042812,-0.101247,0.012758,-0.086518,0.047265,0.069220,0.128990,0.157140,-0.344162,-0.116920,-0.021253,0.475035,-0.027332,-1.000000,-1.000000,-1.000000,
5, 6,Cr,0.010566,0.107329,0.078146,0.025433,-0.013648,0.007818,0.001842,-0.005537,0.000187,-0.014284,-0.007105,-0.051124,0.021812,0.010136,0.020795,-0.006874,-0.010717,0.017533,0.034300,0.013011,-0.003941,0.012756,0.009165,0.000088,0.003455,0.025797,-0.002646,-0.018212,0.014815,-0.043367,-0.029944,-0.018047,-0.004952,-0.002065,-0.008675,-0.000303,0.007066,0.007124,-0.008487,0.026308,0.023160,-0.021447,-0.023293,-0.025730,-0.054837,-0.047313,-0.033651,-0.017583,-0.053864,-0.019280,-0.025308,-0.009389,0.071857,-0.003448,0.041975,-0.099424,0.031600,-0.060337,0.045629,0.072208,0.155746,0.176486,-0.345626,-0.118891,-0.023438,0.471743,-0.029503,-1.000000,-1.000000,-1.000000,
6, 0,Cr,-0.012110,0.018669,0.019857,-0.004425,0.016778,0.045143,-0.014293,0.004316,-0.017623,0.028900,0.019974,0.014675,-0.016344,0.024174,0.015286,0.018640,0.001964,-0.002970,0.021928,0.015334,0.057415,0.010105,0.023715,0.004826,-0.001372,0.004954,-0.014805,-0.014047,-0.011294,-0.009091,-0.022321,0.015462,-0.045592,0.013595,0.013227,0.034647,-0.006684,-0.014528,-0.024536,-0.000027,-0.004133,-0.027315,-0.038776,0.001855,-0.038966,0.043005,-0.013434,-0.075169,-0.025508,-0.096338,-0.093570,-0.140106,-0.042284,-0.147619,-0.045003,-0.264706,-0.299277,-0.276169,-0.445637,-0.234694,-0.279449,-0.497487,-0.583333,-0.271845,-0.218750,-0.353448,-1.000000,-1.000000,-1.000000,-nan,
6, 1,Cr,-0.006877,0.107150,0.040948,0.029811,0.020553,0.043993,-0.000816,0.030026,0.001557,0.033418,0.037024,0.013700,0.004366,0.043146,0.029992,0.027057,0.020698,0.000786,0.034087,0.031065,0.078507,0.032141,0.015739,0.010296,0.002382,0.012318,-0.021345,-0.003745,-0.007199,0.000279,-0.028681,0.011873,-0.040434,0.017402,0.005280,0.021440,-0.022599,-0.024471,-0.044507,-0.018949,-0.020705,-0.060974,-0.067876,-0.045481,-0.066215,-0.024693,-0.068400,-0.114334,-0.071282,-0.131220,-0.132965,-0.172722,-0.088776,-0.174548,-0.117855,-0.266055,-0.320717,-0.298638,-0.494528,-0.281709,-0.206280,-0.563128,-0.519670,-0.276800,-0.338391,-0.271880,-1.000000,-1.000000,-1.000000,-nan,
6, 2,Cr,-0.020459,0.127474,0.064491,0.045056,0.030685,0.050229,0.026653,0.037306,0.019224,0.043196,0.053468,0.021157,0.015889,0.051869,0.036626,0.039113,0.034753,0.014374,0.050825,0.037473,0.087875,0.039361,0.017211,0.014838,0.004812,0.011280,-0.021546,-0.005767,-0.010644,-0.000130,-0.026593,0.005632,-0.041806,0.008327,-0.005294,0.013104,-0.029547,-0.039424,-0.056159,-0.030956,-0.043612,-0.083795,-0.091427,-0.072918,-0.092197,-0.052434,-0.092228,-0.141827,-0.096131,-0.158187,-0.157884,-0.207461,-0.114128,-0.197999,-0.149936,-0.292035,-0.344763,-0.323465,-0.512421,-0.307135,-0.234376,-0.578592,-0.536672,-0.302400,-0.361811,-0.297654,-1.000000,-1.000000,-1.000000,-nan,
6, 3,Cr,-0.034713,0.147142,0.070420,0.052650,0.036069,0.059617,0.033966,0.052525,0.030500,0.050090,0.068597,0.023783,0.021700,0.057673,0.043536,0.047489,0.039959,0.020103,0.050400,0.040688,0.090751,0.042134,0.011724,0.014444,0.004451,0.009706,-0.012864,-0.007469,-0.009038,-0.001019,-0.022267,-0.002390,-0.045519,0.005568,-0.011407,0.011412,-0.036164,-0.049185,-0.063475,-0.033971,-0.049810,-0.095824,-0.102284,-0.084659,-0.106551,-0.070184,-0.103866,-0.158332,-0.115865,-0.175969,-0.173498,-0.223719,-0.132022,-0.213944,-0.166531,-0.305857,-0.357555,-0.336672,-0.521940,-0.320662,-0.249323,-0.586820,-0.545718,-0.316019,-0.374270,-0.311366,-1.000000,-1.000000,-1.000000,-nan,
6, 4,Cr,-0.036227,0.150005,0.081739,0.059388,0.047968,0.066749,0.042055,0.055480,0.037888,0.051742,0.064670,0.029748,0.018447,0.060105,0.047524,0.049846,0.043659,0.026161,0.050466,0.049634,0.087676,0.042620,0.013474,0.014042,0.004455,0.006618,-0.013913,-0.003176,-0.010137,-0.002283,-0.021854,-0.005484,-0.038724,0.002068,-0.012932,0.006505,-0.041239,-0.054447,-0.065914,-0.043676,-0.056655,-0.102883,-0.102982,-0.084986,-0.113903,-0.078291,-0.111750,-0.163880,-0.125784,-0.183110,-0.181857,-0.232150,-0.143469,-0.224043,-0.177240,-0.314775,-0.365809,-0.345195,-0.528082,-0.329390,-0.258968,-0.592128,-0.551554,-0.324807,-0.382309,-0.320213,-1.000000,-1.000000,-1.000000,-nan,
6, 5,Cr,0.016799,0.177390,0.114074,0.082631,0.073410,0.087755,0.046647,0.064205,0.042188,0.057135,0.070794,0.032033,0.023601,0.063665,0.044027,0.052912,0.049841,0.031245,0.049528,0.052916,0.087297,0.038229,0.018597,0.014023,0.009565,0.004295,-0.014955,-0.009223,-0.011412,-0.007166,-0.016654,-0.004709,-0.042702,0.002826,-0.021274,0.008177,-0.043037,-0.062734,-0.071538,-0.056923,-0.070655,-0.117185,-0.118272,-0.095359,-0.113670,-0.076589,-0.124687,-0.176071,-0.140063,-0.182112,-0.200102,-0.251294,-0.164668,-0.238826,-0.199925,-0.333333,-0.382985,-0.362929,-0.540863,-0.347552,-0.279037,-0.603175,-0.563700,-0.343093,-0.399038,-0.338624,-1.000000,-1.000000,-1.000000,-nan,
6, 6,Cr,0.035713,0.205506,0.147523,0.110716,0.086879,0.099594,0.059608,0.072407,0.035855,0.051093,0.062492,0.029410,0.018818,0.059742,0.040402,0.043361,0.041105,0.031800,0.049828,0.046175,0.080151,0.038757,0.021782,0.013285,0.008409,-0.000212,-0.008998,-0.017783,-0.015077,-0.011126,-0.014208,-0.006947,-0.035858,0.000855,-0.017638,0.008578,-0.037262,-0.046100,-0.064691,-0.058215,-0.055262,-0.119207,-0.109410,-0.100056,-0.115028,-0.073237,-0.123870,-0.167216,-0.149135,-0.184918,-0.200886,-0.240411,-0.180435,-0.242471,-0.203131,-0.338163,-0.401682,-0.372946,-0.554516,-0.344348,-0.298297,-0.612853,-0.574341,-0.359115,-0.413696,-0.354755,-1.000000,-1.000000,-1.000000,-nan,
6, 7,Cr,0.056859,0.220466,0.159197,0.116782,0.099966,0.099408,0.065468,0.069758,0.034836,0.051777,0.066548,0.031646,0.014265,0.054813,0.034270,0.039418,0.037073,0.031794,0.042572,0.041395,0.078144,0.032756,0.018325,0.012309,0.003251,0.000510,-0.012101,-0.022511,-0.016937,-0.014418,-0.018242,-0.005833,-0.038059,0.001054,-0.013936,0.011043,-0.032027,-0.033251,-0.049974,-0.045117,-0.051757,-0.109283,-0.100940,-0.092228,-0.105383,-0.067830,-0.118509,-0.166294,-0.142872,-0.192397,-0.214023,-0.251710,-0.196654,-0.260498,-0.215535,-0.347571,-0.411946,-0.382472,-0.560485,-0.352248,-0.306751,-0.617518,-0.579470,-0.366837,-0.420760,-0.362529,-1.000000,-1.000000,-1.000000,-nan,
6, 8,Cr,0.074446,0.214662,0.157643,0.128082,0.094435,0.102732,0.065667,0.074433,0.037798,0.050797,0.061558,0.032852,0.016354,0.055684,0.036086,0.037603,0.034409,0.022438,0.033522,0.034386,0.075140,0.027423,0.011809,0.007191,0.004133,-0.005356,-0.015151,-0.019769,-0.018067,-0.015887,-0.019784,-0.007402,-0.048951,-0.005831,-0.015051,0.003143,-0.034526,-0.032036,-0.049118,-0.041177,-0.043461,-0.097616,-0.088844,-0.073728,-0.083225,-0.047939,-0.081272,-0.127758,-0.127958,-0.174082,-0.167644,-0.209104,-0.194531,-0.278014,-0.250404,-0.378787,-0.438732,-0.399236,-0.557932,-0.382269,-0.331538,-0.625047,-0.587748,-0.379301,-0.432162,-0.375078,-1.000000,-1.000000,-1.000000,-nan,
6, 9,Cr,0.187825,0.273850,0.194519,0.152021,0.129270,0.127044,0.082316,0.080889,0.045554,0.061032,0.064474,0.035291,0.014907,0.053174,0.039047,0.019317,0.006982,-0.014338,-0.005878,-0.000635,0.040548,-0.002359,-0.018570,-0.022049,-0.016421,-0.023218,-0.036856,-0.033219,-0.031736,-0.021671,-0.020096,-0.019928,-0.054384,-0.016325,-0.019644,-0.009772,-0.035285,-0.028164,-0.029696,-0.029265,-0.018254,-0.042166,-0.028925,-0.008542,0.009585,0.024012,0.010323,-0.012106,-0.016364,-0.042517,-0.035398,-0.102076,-0.109632,-0.199456,-0.203644,-0.349618,-0.455830,-0.482493,-0.630762,-0.488496,-0.448893,-0.620391,-0.636722,-0.505538,-0.515629,-0.434901,-1.000000,-1.000000,-1.000000,-nan,
7, 0,Cr,0.092156,0.010101,-0.075159,-0.057153,-0.030163,0.016315,0.002586,0.019030,-0.031111,-0.001502,-0.020139,0.030583,-0.003123,0.031224,-0.005994,0.022772,-0.022972,0.011282,0.016855,0.009355,0.039640,0.001825,0.038830,0.010927,0.013207,0.041258,0.017509,0.002842,-0.003319,-0.030983,-0.019084,0.011942,-0.040087,0.007157,-0.009115,-0.031233,-0.021893,-0.049689,0.003140,-0.055279,-0.024817,-0.042714,0.024472,0.024577,0.016397,-0.052960,0.003547,-0.021691,-0.006582,-0.084945,-0.036327,0.022670,-0.033571,0.019426,-0.067777,-0.061480,0.056604,0.041667,-0.020999,-0.140101,-0.178508,-0.291667,0.346154,0.011561,0.086957,-0.375000,0.190476,-0.305556,-1.000000,-nan,
7, 1,Cr,0.046806,0.048140,-0.037316,-0.019826,-0.016985,0.024963,0.007025,0.026787,-0.019969,0.008737,-0.001057,0.040108,0.008783,0.043232,0.013578,0.026007,0.004385,0.023458,0.037680,0.027648,0.043732,0.006095,0.038686,0.036678,0.018318,0.039868,0.024244,-0.003451,-0.002758,-0.019321,-0.015177,-0.002707,-0.043943,-0.005667,-0.020917,-0.035249,-0.022591,-0.059326,-0.012061,-0.072797,-0.059105,-0.055468,-0.009752,-0.007580,-0.025578,-0.080239,-0.028351,-0.041599,-0.038795,-0.129169,-0.066542,-0.036730,-0.067561,-0.039198,-0.135378,-0.100676,-0.000967,-0.031023,-0.013787,-0.214272,-0.175254,-0.331968,0.278947,-0.087781,-0.002792,-0.426606,0.092180,-0.362895,-1.000000,-nan,
7, 2,Cr,0.055987,0.074315,-0.018201,-0.009927,0.005796,0.020712,0.005175,0.029064,-0.014635,0.013858,0.009608,0.043365,0.006664,0.054206,0.027872,0.033206,0.013426,0.026587,0.038736,0.029414,0.041713,0.013556,0.043274,0.039315,0.028376,0.035886,0.025296,-0.006243,-0.005345,-0.022407,-0.018496,-0.001408,-0.048631,-0.004926,-0.031045,-0.036025,-0.021666,-0.055013,-0.014198,-0.077015,-0.070427,-0.072032,-0.024951,-0.017317,-0.039736,-0.096070,-0.046256,-0.061885,-0.056850,-0.147876,-0.084621,-0.055324,-0.080629,-0.056119,-0.152865,-0.118865,-0.021172,-0.050621,-0.033733,-0.230163,-0.191935,-0.345478,0.253080,-0.106231,-0.022960,-0.438202,0.070091,-0.375780,-1.000000,-nan,
7, 3,Cr,0.065041,0.073783,-0.018838,0.001626,0.010106,0.026616,0.006400,0.037338,-0.003954,0.026925,0.024955,0.052773,0.025545,0.057140,0.043256,0.037685,0.022765,0.030467,0.043375,0.040138,0.040923,0.017326,0.046326,0.049072,0.031159,0.035890,0.024675,-0.006736,-0.009411,-0.024728,-0.017558,-0.005370,-0.047560,-0.013497,-0.032162,-0.049691,-0.030023,-0.065761,-0.026098,-0.087921,-0.083080,-0.087448,-0.038003,-0.034293,-0.056328,-0.114005,-0.064375,-0.081346,-0.076010,-0.166340,-0.106789,-0.074777,-0.101996,-0.071040,-0.171857,-0.138230,-0.042685,-0.071486,-0.054969,-0.247082,-0.209694,-0.359863,0.225540,-0.125874,-0.044434,-0.450549,0.046572,-0.389499,-1.000000,-nan,
7, 4,Cr,0.044644,0.086512,-0.010326,0.017273,0.009894,0.027501,0.008384,0.038984,0.006218,0.039427,0.034676,0.055974,0.034486,0.057204,0.050695,0.046682,0.028550,0.036139,0.048693,0.042977,0.044698,0.019115,0.040272,0.048247,0.028892,0.033348,0.023020,-0.009843,-0.008310,-0.014759,-0.009863,-0.008622,-0.051921,-0.014388,-0.036848,-0.054348,-0.037330,-0.072952,-0.030740,-0.099379,-0.088618,-0.096679,-0.049768,-0.043455,-0.067363,-0.121361,-0.081537,-0.094322,-0.087438,-0.176412,-0.118715,-0.083850,-0.114965,-0.087258,-0.182104,-0.146938,-0.057879,-0.085554,-0.069288,-0.258490,-0.221669,-0.369562,0.206971,-0.139118,-0.058912,-0.458874,0.030715,-0.398749,-1.000000,-nan,
7, 5,Cr,0.041489,0.086033,-0.009844,0.022012,0.012839,0.038697,0.008009,0.040752,0.009328,0.041264,0.037010,0.056495,0.036985,0.059953,0.055868,0.047884,0.028696,0.038070,0.050532,0.046741,0.043540,0.016847,0.038709,0.046842,0.028121,0.036970,0.019514,-0.012775,-0.010468,-0.009564,-0.010579,-0.007477,-0.052230,-0.014138,-0.038780,-0.055399,-0.040379,-0.075156,-0.033021,-0.101668,-0.091865,-0.100096,-0.054592,-0.045721,-0.071085,-0.125300,-0.085576,-0.098226,-0.091372,-0.179962,-0.122514,-0.087799,-0.118780,-0.091192,-0.185630,-0.150615,-0.061940,-0.089496,-0.073300,-0.261686,-0.225024,-0.372280,0.201769,-0.142829,-0.062969,-0.461207,0.026273,-0.401341,-1.000000,-nan,
7, 6,Cr,0.063898,0.081774,0.006035,0.023776,0.023262,0.050396,0.018983,0.048706,0.007870,0.044659,0.039757,0.056390,0.040087,0.064677,0.065667,0.052638,0.033078,0.043478,0.050231,0.044109,0.039882,0.021296,0.039894,0.046028,0.026113,0.035027,0.020720,-0.016296,-0.014330,-0.009378,-0.013311,-0.009807,-0.053278,-0.009222,-0.044718,-0.063169,-0.043634,-0.075097,-0.038196,-0.094024,-0.095827,-0.103092,-0.061274,-0.055805,-0.076503,-0.131138,-0.087520,-0.108940,-0.106276,-0.191311,-0.130363,-0.082239,-0.134419,-0.106087,-0.203375,-0.153207,-0.080530,-0.104928,-0.089006,-0.274200,-0.238159,-0.382919,0.181400,-0.157357,-0.078850,-0.470339,0.008878,-0.411488,-1.000000,-nan,
7, 7,Cr,0.047098,0.078754,0.006441,0.022361,0.020639,0.049700,0.026109,0.046249,0.005927,0.047957,0.037783,0.059156,0.035713,0.064400,0.059984,0.052372,0.033528,0.045003,0.052082,0.042688,0.039642,0.020651,0.038274,0.042594,0.026895,0.034508,0.023311,-0.012555,-0.012953,-0.006136,-0.014290,-0.008571,-0.052646,-0.008014,-0.042360,-0.064701,-0.043244,-0.072427,-0.036073,-0.092926,-0.094695,-0.101543,-0.058904,-0.063550,-0.075815,-0.127003,-0.084046,-0.104559,-0.104097,-0.203283,-0.133672,-0.093126,-0.142276,-0.116378,-0.205895,-0.158804,-0.084526,-0.114311,-0.098556,-0.281808,-0.246145,-0.389388,0.169016,-0.166190,-0.088506,-0.475891,-0.001697,-0.417657,-1.000000,-nan,
7, 8,Cr,0.048255,0.076999,0.009374,0.022654,0.020698,0.052003,0.025003,0.047985,0.005563,0.050790,0.038519,0.058502,0.035861,0.063056,0.059969,0.051465,0.035146,0.048482,0.052426,0.043611,0.039236,0.019371,0.038310,0.041405,0.026705,0.034084,0.021929,-0.011290,-0.009604,-0.004039,-0.015938,-0.008998,-0.053989,-0.007461,-0.043083,-0.064692,-0.044211,-0.070932,-0.034987,-0.095067,-0.095945,-0.102600,-0.059759,-0.065157,-0.077079,-0.129346,-0.085536,-0.105721,-0.106173,-0.204950,-0.135484,-0.095023,-0.144071,-0.118227,-0.207557,-0.160563,-0.086441,-0.116163,-0.100441,-0.283311,-0.247722,-0.390665,0.166571,-0.167935,-0.090413,-0.476987,-0.003786,-0.418875,-1.000000,-nan,
7, 9,Cr,0.047213,0.081207,0.019331,0.013323,0.017605,0.051770,0.017712,0.042110,0.003958,0.051711,0.034184,0.057539,0.036975,0.062197,0.059378,0.057091,0.035162,0.047192,0.050438,0.042858,0.039100,0.016024,0.034143,0.039901,0.025003,0.037164,0.016662,-0.011390,-0.011220,-0.001848,-0.016305,-0.007099,-0.048527,-0.006884,-0.037843,-0.062202,-0.038532,-0.066194,-0.037049,-0.092115,-0.088941,-0.095995,-0.059162,-0.062448,-0.076414,-0.129975,-0.086947,-0.107091,-0.108994,-0.200474,-0.130910,-0.091024,-0.150998,-0.132156,-0.198873,-0.167762,-0.089785,-0.124261,-0.107907,-0.289258,-0.253965,-0.395722,0.156890,-0.174840,-0.097961,-0.481328,-0.012053,-0.423698,-1.000000,-nan,
7, 10,Cr,0.091763,0.084479,0.019085,0.021250,0.022344,0.053327,0.015879,0.038417,-0.003496,0.033680,0.021755,0.035392,0.010527,0.036216,0.047873,0.040155,0.023913,0.045715,0.047673,0.039301,0.044304,0.013871,0.020155,0.026688,0.013776,0.020607,0.008137,-0.021307,-0.016485,-0.005135,-0.015478,-0.009170,-0.051957,-0.008655,-0.041006,-0.041764,-0.029836,-0.036842,-0.006803,-0.066097,-0.058096,-0.058964,-0.024974,-0.023307,-0.051523,-0.081947,-0.054172,-0.060021,-0.077405,-0.163402,-0.111113,-0.084122,-0.129067,-0.106419,-0.148054,-0.108911,-0.049905,-0.095800,-0.146962,-0.250354,-0.178791,-0.343910,0.096181,-0.216871,-0.139044,-0.504950,-0.057049,-0.449945,-1.000000,-nan,
7, 11,Cr,0.120760,0.089931,0.021054,0.023539,0.021117,0.056909,0.034434,0.043003,0.013646,0.030055,0.026464,0.038804,0.010144,0.028984,0.046031,0.036775,0.024818,0.049837,0.049671,0.040510,0.042992,0.022922,0.033240,0.029420,0.021385,0.020099,0.002654,-0.021327,-0.020325,-0.006525,-0.021592,-0.017920,-0.059046,-0.015694,-0.050832,-0.053870,-0.035046,-0.046043,-0.021317,-0.064852,-0.061796,-0.044361,-0.033124,-0.025293,-0.042836,-0.068150,-0.047617,-0.034610,-0.075062,-0.156752,-0.117392,-0.065509,-0.128959,-0.075219,-0.145359,-0.108459,-0.074266,-0.128475,-0.180101,-0.293069,-0.208995,-0.341710,0.153151,-0.140442,-0.075834,-0.530583,-0.094695,-0.471905,-1.000000,-nan,
7, 12,Cr,0.201886,0.158237,0.068813,0.039391,0.028013,0.049212,0.040117,0.055770,0.026818,0.029560,0.032788,0.036102,0.012695,0.015293,0.034468,0.032637,0.021464,0.051920,0.051428,0.034822,0.044527,0.034987,0.048834,0.037201,0.032773,0.019829,0.003471,-0.034209,-0.016936,-0.008797,-0.030539,-0.030944,-0.064266,-0.011662,-0.051006,-0.076239,-0.063517,-0.053758,-0.041606,-0.089923,-0.061957,-0.054172,-0.025515,-0.021060,-0.029688,-0.016133,-0.051285,-0.013953,-0.017618,-0.071487,-0.082088,-0.043769,-0.103335,-0.076507,-0.121721,-0.097608,-0.110574,-0.181777,-0.241296,-0.306417,-0.252296,-0.345259,0.072378,-0.034540,0.017708,-0.334575,-0.213589,-0.519416,-1.000000,-nan,
7, 13,Cr,0.200728,0.153781,0.071359,0.037958,0.032024,0.050485,0.044120,0.055064,0.032325,0.031594,0.034917,0.036804,0.014682,0.016356,0.034159,0.035781,0.024012,0.055076,0.049899,0.036810,0.043707,0.037822,0.051966,0.041209,0.034726,0.022886,0.008888,-0.032296,-0.015132,-0.008924,-0.028874,-0.031602,-0.070163,-0.015422,-0.054007,-0.080561,-0.067236,-0.056346,-0.045204,-0.092202,-0.065310,-0.058740,-0.030761,-0.025948,-0.034747,-0.021214,-0.056184,-0.019045,-0.022690,-0.076281,-0.086828,-0.048707,-0.107965,-0.081275,-0.126256,-0.102267,-0.115167,-0.186002,-0.245214,-0.309999,-0.256157,-0.348640,0.066841,-0.039525,0.012453,-0.338011,-0.217650,-0.521897,-1.000000,-nan,
7, 14,Cr,0.199530,0.153193,0.076756,0.042181,0.036410,0.059161,0.051379,0.057324,0.032969,0.033509,0.034956,0.043075,0.017490,0.017823,0.035157,0.038758,0.025479,0.053737,0.049291,0.039935,0.046592,0.042196,0.058473,0.042372,0.035658,0.025536,0.014281,-0.026172,-0.012118,-0.010491,-0.032285,-0.036247,-0.076001,-0.020420,-0.058533,-0.084874,-0.071610,-0.061227,-0.050109,-0.096865,-0.070112,-0.063576,-0.035740,-0.030952,-0.039706,-0.026242,-0.061032,-0.024084,-0.027711,-0.081026,-0.091519,-0.053594,-0.112547,-0.085995,-0.130744,-0.106879,-0.119712,-0.190184,-0.249091,-0.313543,-0.259978,-0.351986,0.061361,-0.044459,0.007252,-0.341412,-0.221669,-0.524353,-1.000000,-nan,
7, 15,Cr,0.202857,0.152986,0.077859,0.043285,0.039924,0.059507,0.053262,0.059304,0.033275,0.035120,0.036041,0.042922,0.019180,0.018625,0.035083,0.040142,0.025417,0.053649,0.048796,0.040868,0.048659,0.044004,0.058955,0.043036,0.036052,0.026071,0.015462,-0.024203,-0.010413,-0.011631,-0.033162,-0.037785,-0.077803,-0.021978,-0.060326,-0.086364,-0.073162,-0.062594,-0.051763,-0.098409,-0.071701,-0.065176,-0.037388,-0.032609,-0.041347,-0.027906,-0.062637,-0.025752,-0.029373,-0.082597,-0.093072,-0.055211,-0.114064,-0.087557,-0.132230,-0.108406,-0.121217,-0.191568,-0.250375,-0.314716,-0.261243,-0.353093,0.059547,-0.046093,0.005530,-0.342538,-0.222999,-0.525166,-1.000000,-nan,
7, 16,Cr,0.208744,0.159551,0.104224,0.061498,0.063957,0.072420,0.065148,0.073863,0.046192,0.051528,0.044090,0.051580,0.028904,0.024045,0.042554,0.049055,0.025057,0.062482,0.059500,0.053839,0.054838,0.053125,0.064930,0.044348,0.038328,0.029888,0.018261,-0.027533,-0.012374,-0.012777,-0.035944,-0.041829,-0.083457,-0.032563,-0.072622,-0.095838,-0.085517,-0.078178,-0.068485,-0.115087,-0.088604,-0.081505,-0.054585,-0.049968,-0.059088,-0.045848,-0.079938,-0.043733,-0.047287,-0.099529,-0.109810,-0.072649,-0.130415,-0.104397,-0.148246,-0.124861,-0.137436,-0.206489,-0.264210,-0.327364,-0.274878,-0.365033,0.039991,-0.063698,-0.013028,-0.354672,-0.237340,-0.533930,-1.000000,-nan,
8, 0,Cr,-0.124761,-0.034718,0.010479,0.033424,0.016994,-0.010393,-0.028225,-0.018997,-0.036022,0.022762,-0.002786,-0.034121,0.009927,0.022205,-0.031746,0.027070,-0.029430,-0.008363,-0.019948,-0.008899,-0.021268,-0.002193,-0.000245,-0.009521,-0.025802,-0.005610,-0.015337,0.002787,-0.001514,0.019176,0.017225,0.027125,-0.007538,0.009375,-0.002678,0.013237,0.019033,-0.036529,0.011191,0.001611,0.015142,0.004612,0.036512,0.052202,-0.029867,0.022392,-0.018590,-0.005247,-0.014299,-0.055783,0.028435,0.012509,-0.000661,-0.009529,0.014427,-0.013330,-0.024566,0.018439,0.049516,-0.098361,0.076007,-0.415468,-0.205508,-0.119718,-0.218750,-0.493243,-0.305556,-0.264706,-1.000000,-nan,
8, 1,Cr,-0.079823,-0.032525,-0.004003,0.010033,-0.002401,-0.029353,-0.038984,-0.018034,-0.022855,0.032560,-0.013495,-0.023154,0.010629,0.039260,-0.024261,0.022430,-0.025484,-0.002230,-0.004383,0.019020,0.002367,0.014651,0.002952,-0.003633,-0.020548,0.000285,-0.018485,-0.000222,0.007539,0.023409,0.009768,0.016279,-0.024900,0.004844,-0.009402,-0.011213,0.006849,-0.056388,-0.000650,-0.017188,-0.013567,-0.023208,0.009907,0.021303,-0.050948,-0.000155,-0.012972,-0.003145,0.023376,0.003393,0.029942,0.047203,-0.004577,0.039010,0.046386,0.023604,0.047426,0.142386,0.113710,0.138516,0.184945,-0.117031,0.034532,0.124682,0.081471,0.354384,0.104728,0.268392,-1.000000,-nan,
8, 2,Cr,-0.087197,-0.018443,0.009827,0.006872,-0.001946,-0.024676,-0.033168,-0.004871,-0.011197,0.035279,-0.009230,-0.018637,0.016159,0.048810,-0.010064,0.025721,-0.020044,0.002077,-0.001996,0.023869,0.010405,0.025226,0.012922,-0.000240,-0.012062,0.002662,-0.018269,0.005355,0.003719,0.021763,0.003767,0.012922,-0.018553,0.000328,-0.013600,-0.014487,-0.002956,-0.059034,-0.009894,-0.028429,-0.023267,-0.034299,-0.003209,0.006895,-0.067026,-0.015694,-0.029544,-0.020202,0.005907,-0.014605,0.011468,0.028419,-0.022432,0.020373,0.027616,0.005244,0.028638,0.121895,0.093733,0.118095,0.163690,-0.132869,0.015975,0.104509,0.062072,0.330090,0.084912,0.245640,-1.000000,-nan,
8, 3,Cr,-0.081892,-0.017248,0.005916,0.018407,0.001931,-0.021231,-0.028685,-0.008333,-0.011014,0.037459,-0.006695,-0.015511,0.015261,0.048640,-0.009766,0.024598,-0.017649,0.003335,0.003500,0.023515,0.008289,0.023815,0.012602,-0.000954,-0.011772,0.007670,-0.017756,0.003350,0.003696,0.015398,0.002811,0.010910,-0.014793,0.004281,-0.015059,-0.015160,-0.001000,-0.057850,-0.011051,-0.026669,-0.029312,-0.039560,-0.005483,0.003124,-0.064987,-0.015940,-0.033035,-0.025545,0.005266,-0.018161,0.015040,0.031979,-0.022066,0.015605,0.013795,0.008317,0.019053,0.123192,0.080631,0.105699,0.150789,-0.142483,0.004712,0.092263,0.050298,0.315344,0.072885,0.231831,-1.000000,-nan,
8, 4,Cr,-0.071396,-0.014037,0.013780,0.020176,0.004147,-0.015534,-0.024090,-0.004803,-0.008919,0.042613,-0.006268,-0.010512,0.019020,0.052320,-0.009657,0.035051,-0.014936,0.010008,0.010423,0.025341,0.011946,0.026420,0.018969,0.002273,-0.010334,0.008303,-0.012463,0.001747,0.002381,0.018178,0.005399,0.005191,-0.019621,-0.002206,-0.021878,-0.020956,-0.007288,-0.060605,-0.012574,-0.031152,-0.030208,-0.045046,-0.012107,-0.004299,-0.072228,-0.024588,-0.041883,-0.035624,-0.004901,-0.029057,0.003910,0.020664,-0.032789,0.004469,0.002678,-0.002739,0.007879,0.110877,0.068782,0.093575,0.138171,-0.151885,-0.006305,0.080287,0.038781,0.300922,0.061121,0.218324,-1.000000,-nan,
8, 5,Cr,-0.063257,-0.015317,0.013997,0.018126,0.004545,-0.013247,-0.024020,-0.004762,-0.009513,0.041256,-0.004988,-0.010996,0.017494,0.053057,-0.009199,0.038534,-0.015233,0.009734,0.011325,0.025805,0.013851,0.025661,0.019650,0.004084,-0.012031,0.007653,-0.014387,0.003131,0.004294,0.017310,0.004865,0.006752,-0.021012,-0.001072,-0.022652,-0.019008,-0.008527,-0.058601,-0.013249,-0.033078,-0.031319,-0.044456,-0.011661,-0.003858,-0.073788,-0.025005,-0.044023,-0.037415,-0.006757,-0.030237,0.003092,0.018430,-0.034906,0.002271,0.000484,-0.004921,0.005674,0.108446,0.066443,0.091182,0.135680,-0.153741,-0.008479,0.077923,0.036508,0.298075,0.058799,0.215658,-1.000000,-nan,
9, 0,Cr,0.046954,0.059800,0.012622,-0.004140,0.024877,0.056858,-0.006636,-0.014657,-0.044639,-0.003536,0.004224,0.046502,0.008218,-0.011744,0.034327,0.027443,0.014036,-0.009258,-0.007880,0.004621,0.008530,-0.017302,0.022233,-0.008925,0.030070,-0.025280,0.027788,0.017032,-0.001101,0.003850,-0.016349,0.006250,-0.028794,0.007577,-0.013759,-0.019332,0.008576,0.036200,-0.010639,-0.040181,-0.045715,-0.033671,-0.024651,-0.038336,-0.026674,-0.018949,-0.007275,-0.054387,0.025330,0.018809,0.031529,-0.105769,-0.029463,-0.094843,-0.118005,-0.026989,-0.046105,-0.054119,-0.086085,-0.077491,-0.080189,-0.267578,-0.330357,-0.465812,-1.000000,-0.709302,-1.000000,-1.000000,-nan,-nan,
9, 1,Cr,0.015676,0.136007,0.017350,0.013210,0.043885,0.056125,0.004734,0.002661,-0.026244,0.009483,0.019260,0.051424,0.010252,0.007146,0.039388,0.035943,0.030879,0.001732,-0.002911,0.023838,0.005460,-0.005338,0.020229,-0.003009,0.029563,-0.027055,0.022980,0.014129,0.003312,0.002134,-0.018424,0.012665,-0.027482,-0.009461,-0.029280,-0.018865,-0.004656,0.003375,-0.022685,-0.023765,-0.067168,-0.041733,-0.038009,-0.060434,-0.047407,-0.057296,-0.047190,-0.067693,-0.017455,0.006878,0.009717,-0.101878,-0.027764,-0.069391,-0.149801,-0.062877,-0.077799,-0.076195,-0.071645,0.007709,-0.094446,-0.081085,-0.281873,-0.120725,-0.665350,-0.350101,-1.000000,-1.000000,-nan,-nan,
9, 2,Cr,0.020374,0.153059,0.023577,0.037397,0.061063,0.057383,0.009741,0.000520,-0.005258,0.022388,0.039009,0.057403,0.013905,0.007490,0.048898,0.036048,0.034359,0.013064,-0.002223,0.028556,0.008885,0.008171,0.028943,-0.005936,0.027950,-0.019572,0.021382,0.016139,-0.000306,-0.004097,-0.014855,0.008954,-0.032931,-0.011827,-0.021826,-0.021926,-0.011521,-0.008916,-0.025765,-0.037402,-0.073038,-0.058485,-0.040951,-0.072147,-0.059877,-0.069183,-0.072812,-0.098647,-0.041121,-0.014412,-0.024853,-0.119880,-0.060342,-0.100576,-0.171450,-0.098786,-0.109687,-0.114313,-0.108594,-0.031383,-0.129575,-0.116733,-0.309731,-0.154834,-0.678332,-0.375312,-1.000000,-1.000000,-nan,-nan,
9, 3,Cr,0.076129,0.189259,0.031543,0.044657,0.068108,0.067787,0.023029,0.010809,0.007866,0.039564,0.054098,0.061700,0.023484,0.014211,0.050091,0.024977,0.027054,0.007278,0.001775,0.034282,0.013097,0.021537,0.038589,0.007515,0.034043,-0.019194,0.026068,0.021630,-0.001019,-0.002062,-0.016503,0.005439,-0.030391,-0.024785,-0.035561,-0.021067,-0.012673,-0.015327,-0.024820,-0.048740,-0.080276,-0.072921,-0.059953,-0.090070,-0.073196,-0.085291,-0.097630,-0.114449,-0.070055,-0.043212,-0.057472,-0.147683,-0.095582,-0.135546,-0.202740,-0.132442,-0.142935,-0.147388,-0.141883,-0.067556,-0.162080,-0.149718,-0.335509,-0.186397,-0.690345,-0.398641,-1.000000,-1.000000,-nan,-nan,
9, 4,Cr,0.106744,0.191393,0.047634,0.051137,0.070528,0.075486,0.026073,0.013672,0.006101,0.043391,0.061247,0.061250,0.026592,0.020094,0.050801,0.033308,0.016496,0.016479,0.001137,0.034122,0.017994,0.031007,0.034179,0.007052,0.037221,-0.018029,0.020416,0.008389,-0.013806,-0.003365,-0.023081,0.004376,-0.025623,-0.025071,-0.037925,-0.017976,-0.006672,-0.009092,-0.024549,-0.060646,-0.085452,-0.080248,-0.062047,-0.097631,-0.076735,-0.099234,-0.095204,-0.110634,-0.046687,-0.018526,-0.047323,-0.124967,-0.095186,-0.148430,-0.221579,-0.182062,-0.173280,-0.173280,-0.174141,-0.099560,-0.199949,-0.186833,-0.364514,-0.221911,-0.703862,-0.424891,-1.000000,-1.000000,-nan,-nan,
9, 5,Cr,0.113569,0.194224,0.057877,0.055349,0.077124,0.065278,0.044217,0.029260,0.019174,0.050122,0.069916,0.076191,0.041028,0.028890,0.061268,0.039604,0.023134,0.021227,0.006915,0.034496,0.023302,0.036828,0.042497,0.013680,0.035093,-0.014121,0.020557,0.005341,-0.016991,-0.006630,-0.021241,-0.000174,-0.025894,-0.023771,-0.042049,-0.023364,-0.011633,-0.020038,-0.034144,-0.073908,-0.098602,-0.097113,-0.079655,-0.114833,-0.095598,-0.118337,-0.118323,-0.132681,-0.072855,-0.046046,-0.073385,-0.148616,-0.119641,-0.171446,-0.242618,-0.204168,-0.195624,-0.195624,-0.196461,-0.123896,-0.221572,-0.208811,-0.381690,-0.242940,-0.711865,-0.440434,-1.000000,-1.000000,-nan,-nan,
9, 6,Cr,0.133739,0.206437,0.081163,0.061497,0.088821,0.061776,0.048500,0.041091,0.030449,0.049885,0.080999,0.081054,0.045058,0.038156,0.065014,0.041813,0.024408,0.020936,0.007260,0.039210,0.023651,0.035339,0.040177,0.006726,0.036145,-0.004354,0.033824,0.008144,-0.006953,-0.005045,-0.007063,0.006121,-0.013575,-0.020479,-0.031916,-0.024067,-0.015191,-0.029718,-0.049067,-0.088700,-0.107494,-0.115037,-0.090259,-0.144118,-0.116596,-0.139215,-0.133557,-0.155020,-0.114647,-0.089984,-0.114443,-0.192308,-0.171131,-0.217265,-0.286155,-0.248534,-0.242959,-0.242424,-0.243213,-0.174870,-0.266862,-0.254844,-0.417664,-0.286988,-0.728630,-0.472991,-1.000000,-1.000000,-nan,-nan,
9, 7,Cr,0.133778,0.201993,0.079306,0.061937,0.086940,0.061168,0.048108,0.042262,0.031680,0.048821,0.081843,0.082971,0.046626,0.038632,0.066683,0.042878,0.024890,0.023129,0.006726,0.038830,0.023571,0.034298,0.039101,0.006758,0.036188,-0.004070,0.032798,0.008570,-0.007320,-0.003485,-0.008121,0.006476,-0.013727,-0.021369,-0.033594,-0.024716,-0.012997,-0.030666,-0.048079,-0.088305,-0.107512,-0.117066,-0.090662,-0.144111,-0.117855,-0.140009,-0.134426,-0.156192,-0.115695,-0.091982,-0.116051,-0.193774,-0.172635,-0.218685,-0.287451,-0.249898,-0.244333,-0.243799,-0.244586,-0.176367,-0.268193,-0.256196,-0.418721,-0.288282,-0.729122,-0.473947,-1.000000,-1.000000,-nan,-nan,
9, 8,Cr,0.129641,0.199689,0.076376,0.060596,0.087981,0.059870,0.047204,0.040459,0.030370,0.048290,0.080707,0.081383,0.046732,0.040361,0.067061,0.041554,0.024803,0.024526,0.006970,0.038854,0.024359,0.034190,0.039262,0.007259,0.036533,-0.003543,0.032263,0.007782,-0.008393,-0.003322,-0.008917,0.006820,-0.014091,-0.021538,-0.034590,-0.022599,-0.013011,-0.031725,-0.048146,-0.086972,-0.108371,-0.117690,-0.086096,-0.143578,-0.113749,-0.138794,-0.132940,-0.157247,-0.115696,-0.088802,-0.118343,-0.189733,-0.173900,-0.218997,-0.287015,-0.247828,-0.246234,-0.245169,-0.245955,-0.177859,-0.269518,-0.257543,-0.419774,-0.289571,-0.729613,-0.474900,-1.000000,-1.000000,-nan,-nan,
