0, 0,Cr,-0.492386,-0.741602,1.254642,0.413043,0.181376,0.059322,0.155327,-0.310345,-0.049676,0.006971,0.591956,0.209677,-0.246307,0.289491,0.468048,-0.077608,0.350606,-0.046581,0.052632,0.083210,-0.010741,-0.209770,-0.019868,0.141925,-0.127153,-0.201915,-0.009106,-0.069767,-0.042368,0.133144,0.020072,0.114551,-0.316547,-0.359203,0.143068,-0.355136,-0.180999,-0.182692,-0.133449,0.056338,-0.235294,-0.258414,-0.374609,-0.099099,-0.271137,-0.180328,-0.176578,-0.463519,-0.277108,-0.092284,-0.600000,0.715686,-0.022801,-0.658703,-0.130435,-1.000000,-0.342105,-0.218750,-0.099099,1.702703,-1.000000,-1.000000,-1.000000,-1.000000,-1.000000,-1.000000,-1.000000,-1.000000,-nan,-nan,
0, 1,Cr,1.902062,1.277297,0.849140,0.669396,0.648008,0.537139,0.318924,0.268608,0.207989,0.181673,0.185933,0.216061,0.198541,0.205836,0.252811,0.185591,0.207983,0.187766,0.157709,0.177028,0.115425,0.050932,-0.033673,-0.008918,-0.050078,-0.111506,-0.158985,-0.162993,-0.150129,-0.135844,-0.208586,-0.193806,-0.181932,-0.252028,-0.274041,-0.273212,-0.218574,-0.249657,-0.296340,-0.348759,-0.314027,-0.358240,-0.414289,-0.398000,-0.408010,-0.353777,-0.383985,-0.484812,-0.442816,-0.535940,-0.514116,-0.519039,-0.481209,-0.447238,-0.432649,-0.544554,-0.539540,-0.573706,-0.531695,-0.526747,-0.630400,-0.245055,-0.521815,-0.125339,-1.000000,-0.705588,-1.000000,-1.000000,-nan,-nan,
0, 2,Cr,0.788744,0.493886,0.351506,0.292723,0.281629,0.247443,0.213667,0.173173,0.146201,0.136405,0.148704,0.138396,0.131053,0.127223,0.130212,0.116706,0.127943,0.106944,0.100137,0.117498,0.105353,0.077588,0.085044,0.096337,0.060606,0.036240,-0.005445,0.000800,-0.037591,-0.045745,-0.084686,-0.099344,-0.122259,-0.146684,-0.175185,-0.183947,-0.192143,-0.189541,-0.244909,-0.268796,-0.278794,-0.276915,-0.278833,-0.293904,-0.277391,-0.267917,-0.291584,-0.379117,-0.366394,-0.428095,-0.465118,-0.474412,-0.456760,-0.476079,-0.349849,-0.457071,-0.350692,-0.456099,-0.402676,-0.276357,-0.341225,-0.091570,-0.253068,0.154057,-0.057924,-0.098612,-0.119098,-0.740449,-1.000000,-1.000000,
0, 3,Cr,0.347034,0.159342,0.088443,0.067765,0.044955,0.043146,0.028391,0.036036,0.018900,0.023129,0.036249,0.044751,0.035351,0.044712,0.047574,0.046972,0.051806,0.038483,0.036875,0.027177,0.027451,0.015757,0.026834,0.038872,0.023725,0.019707,0.025556,0.023316,0.014980,0.017257,0.006652,-0.008823,-0.009696,-0.014334,-0.025230,-0.035420,-0.048389,-0.050423,-0.051503,-0.064489,-0.073219,-0.098917,-0.095503,-0.101877,-0.111783,-0.121134,-0.104080,-0.100998,-0.096150,-0.116361,-0.126621,-0.139291,-0.168572,-0.199740,-0.210316,-0.248014,-0.245264,-0.267642,-0.296075,-0.307395,-0.360419,-0.229615,-0.391806,-0.132396,-0.242121,-0.226210,-0.304686,-0.348577,-1.000000,-1.000000,
0, 4,Cr,0.342293,0.156826,0.086667,0.066131,0.042863,0.041273,0.025861,0.034132,0.016227,0.021138,0.034158,0.042175,0.033444,0.042852,0.045801,0.045664,0.049973,0.036919,0.035047,0.025584,0.026036,0.014361,0.025491,0.038219,0.022655,0.018784,0.025192,0.022918,0.014385,0.016351,0.005545,-0.008803,-0.009586,-0.013220,-0.023928,-0.034266,-0.048876,-0.050877,-0.051247,-0.062790,-0.070691,-0.097815,-0.093178,-0.098391,-0.106808,-0.114719,-0.096903,-0.092314,-0.089070,-0.101785,-0.112918,-0.124579,-0.152188,-0.181181,-0.182567,-0.219951,-0.209826,-0.238821,-0.265564,-0.285723,-0.338286,-0.237654,-0.354765,-0.121358,-0.224084,-0.160091,-0.015184,-0.162011,0.034554,0.551831,
0, 5,Cr,0.341662,0.156375,0.085665,0.066048,0.042958,0.039378,0.024935,0.032631,0.015538,0.019577,0.032579,0.040971,0.032345,0.041637,0.045281,0.044715,0.048967,0.036114,0.034248,0.024820,0.025454,0.013488,0.025182,0.037736,0.021978,0.018471,0.024863,0.022603,0.013602,0.015107,0.005268,-0.008520,-0.008819,-0.011958,-0.023657,-0.034788,-0.048179,-0.050729,-0.050272,-0.061453,-0.070111,-0.096165,-0.091883,-0.096051,-0.104642,-0.110837,-0.091842,-0.088963,-0.083464,-0.096510,-0.108239,-0.119146,-0.145394,-0.171031,-0.172819,-0.207127,-0.194999,-0.235018,-0.260456,-0.282895,-0.340573,-0.237742,-0.336166,-0.122991,-0.225527,-0.161653,-0.017015,-0.163569,0.032631,0.548947,
1, 0,Cr,0.538462,-0.472296,-0.183673,0.323043,-0.144080,0.107829,0.009421,0.042753,0.248844,-0.242105,-0.208197,0.081568,-0.070568,-0.226234,-0.231797,-0.037750,0.361868,-0.183807,-0.271181,0.277860,-0.027824,-0.268430,-0.290999,-0.036669,0.000270,-0.320933,-0.028269,-0.155458,0.037218,-0.148061,0.040312,0.035197,-0.324976,0.349231,-0.133782,-0.194476,0.225741,0.204819,0.094391,0.321415,-0.044724,0.067920,0.169864,0.004304,-0.029650,0.162040,-0.148100,0.124498,0.330008,0.378579,0.404494,-0.119718,0.395349,-0.043062,-0.373041,-0.633700,0.020408,-0.397590,-1.000000,0.219512,1.439024,-1.000000,-1.000000,-1.000000,-1.000000,-1.000000,-1.000000,-1.000000,-nan,-nan,
1, 1,Cr,1.497918,1.002411,0.640759,0.444777,0.254306,0.180696,0.170332,0.130206,0.108911,0.022726,-0.064166,-0.076426,-0.107017,-0.085049,-0.087784,-0.044306,-0.047325,-0.038622,-0.059130,-0.053983,-0.016535,-0.060006,-0.041894,-0.056350,-0.043525,-0.104774,-0.092819,-0.075970,-0.019521,-0.053459,-0.102816,-0.096061,-0.051242,-0.008717,-0.030582,0.050550,0.088940,0.109059,0.151922,0.115107,0.061992,0.136272,0.070283,0.036027,0.080211,0.007303,0.025310,-0.093806,-0.146791,-0.145288,0.003680,-0.149371,-0.229307,-0.175173,-0.128116,-0.306983,-0.149069,-0.235539,-0.605656,-0.399677,-0.456844,-0.684741,-0.260446,-0.049656,-1.000000,-1.000000,-1.000000,-1.000000,-nan,-nan,
1, 2,Cr,0.917701,0.629826,0.441997,0.349408,0.285099,0.209315,0.168502,0.130909,0.075650,0.012907,0.001992,-0.029068,-0.034290,-0.038170,-0.027427,-0.040445,-0.032860,-0.040613,-0.056147,-0.035773,-0.026543,-0.006962,-0.016812,-0.013841,-0.018833,-0.056888,-0.022341,-0.031280,-0.008973,-0.046052,-0.065104,-0.083040,-0.074449,-0.087326,-0.087185,-0.057853,-0.024490,0.034822,0.033877,0.029753,0.024690,0.025705,0.070964,0.058281,0.072950,0.040808,0.027401,0.033407,0.036111,0.047195,0.038622,0.000299,-0.094756,-0.138681,-0.067522,-0.149939,-0.139703,-0.173188,-0.207620,-0.350188,-0.302366,-0.392254,-0.197115,-0.325782,-0.319481,-0.605336,-1.000000,-1.000000,-1.000000,-nan,
1, 3,Cr,0.651365,0.435669,0.275295,0.219062,0.181798,0.142468,0.100292,0.060150,0.014832,-0.016637,-0.008556,-0.028169,-0.024062,-0.025359,-0.021736,-0.030465,-0.036555,-0.028355,-0.026243,-0.008595,-0.015073,0.007276,0.000391,0.003617,0.005790,-0.011473,-0.008525,-0.011989,-0.000776,-0.035109,-0.060955,-0.078425,-0.061181,-0.062672,-0.067072,-0.054011,-0.042734,-0.016252,-0.012957,-0.020892,-0.029351,-0.017882,0.025376,0.026934,0.034014,0.048771,0.082185,0.153961,0.151781,0.158200,0.129385,0.085427,-0.011539,-0.060224,-0.003650,-0.027241,-0.040874,-0.097472,-0.133735,-0.224813,-0.163559,-0.166392,0.018445,0.071608,0.267617,0.419166,0.269312,0.776422,0.761494,-1.000000,
1, 4,Cr,0.631357,0.417318,0.259367,0.214568,0.179387,0.137452,0.098875,0.061154,0.019212,-0.009190,-0.005396,-0.026244,-0.023880,-0.024084,-0.018300,-0.029251,-0.032203,-0.025767,-0.020878,-0.001616,-0.007484,0.011846,0.007005,0.013136,0.011166,-0.003737,-0.002303,-0.012406,0.003533,-0.030780,-0.059857,-0.081931,-0.064159,-0.066919,-0.073668,-0.060547,-0.047001,-0.020697,-0.019630,-0.025049,-0.031780,-0.023155,0.023678,0.021363,0.025900,0.045740,0.079770,0.144271,0.139881,0.144712,0.117853,0.069642,-0.026512,-0.074068,-0.018177,-0.041425,-0.054859,-0.110631,-0.146366,-0.236116,-0.175755,-0.178546,0.003595,0.055984,0.249134,0.398473,0.250804,0.750520,0.735810,-1.000000,
1, 5,Cr,0.606979,0.404799,0.255550,0.222737,0.187745,0.143815,0.107386,0.074055,0.028541,-0.000296,-0.002075,-0.023755,-0.020329,-0.022512,-0.014783,-0.023150,-0.030987,-0.018185,-0.012293,0.006096,-0.004896,0.019019,0.014980,0.018554,0.021575,0.006543,0.006984,-0.007315,0.007470,-0.025173,-0.057002,-0.082414,-0.069637,-0.073741,-0.082010,-0.071584,-0.057116,-0.035141,-0.032629,-0.037917,-0.041808,-0.034042,0.015088,0.010704,0.014172,0.038634,0.072433,0.135007,0.122817,0.127260,0.099437,0.050085,-0.046318,-0.093082,-0.038047,-0.060824,-0.073987,-0.128630,-0.163642,-0.251576,-0.192436,-0.195171,-0.016716,0.034612,0.223854,0.370171,0.225490,0.715093,0.700680,-1.000000,
1, 6,Cr,0.605752,0.405325,0.258310,0.222856,0.189287,0.146208,0.108261,0.075948,0.028993,-0.001043,-0.004904,-0.025354,-0.022106,-0.023399,-0.014685,-0.023531,-0.028668,-0.017074,-0.011931,0.005994,-0.006181,0.021767,0.015972,0.017861,0.020369,0.006694,0.008071,-0.006832,0.005578,-0.024840,-0.055782,-0.080011,-0.069517,-0.072863,-0.082449,-0.072942,-0.057633,-0.036790,-0.034277,-0.040522,-0.044058,-0.034103,0.017358,0.012905,0.014113,0.039347,0.075826,0.138921,0.120960,0.124869,0.098035,0.047124,-0.049377,-0.097687,-0.043739,-0.066382,-0.079466,-0.133786,-0.168590,-0.256004,-0.197215,-0.199933,-0.022534,0.028491,0.216612,0.362063,0.218239,0.704944,0.690617,-1.000000,
2, 0,Cr,0.010101,-0.230769,-0.077734,-0.017467,0.058574,-0.206349,0.328904,0.184346,-0.139493,-0.003736,-0.071064,-0.056180,-0.110807,0.365818,-0.055331,-0.061209,-0.247382,-0.188575,-0.276673,0.151122,-0.166944,-0.174495,-0.283266,-0.181618,-0.149053,-0.313228,-0.236417,-0.191542,0.064477,-0.073806,0.069345,-0.403519,0.099968,0.335029,0.204056,0.453055,-0.178712,0.168048,-0.067288,0.450935,0.016949,0.481795,0.425178,-0.088292,0.361656,-0.043716,0.222826,-0.198718,0.176471,0.040462,0.020408,-0.818182,-0.033816,-0.535963,0.612903,-1.000000,1.083333,-1.000000,-1.000000,-1.000000,-1.000000,-1.000000,-1.000000,-1.000000,-1.000000,-1.000000,-nan,-nan,-nan,-nan,
2, 1,Cr,1.914076,1.297446,0.685348,0.422444,0.229256,0.308626,0.163549,0.171723,0.048296,0.019989,0.020353,0.048053,0.000753,0.017023,0.000087,-0.003564,-0.016859,-0.112571,-0.104158,-0.136232,-0.136751,-0.176611,-0.219550,-0.225554,-0.193278,-0.201879,-0.155983,-0.165232,-0.137496,-0.128647,-0.061562,0.002213,0.091918,0.068985,0.100245,0.085354,0.088109,0.087113,0.118785,0.030568,0.043661,0.044906,0.118474,0.132948,0.146712,0.051165,0.117894,0.198965,0.198056,0.238893,0.252774,0.107567,0.004052,-0.129271,-0.342864,-0.445251,-0.440546,-0.661357,-0.790107,-0.950679,-1.000000,-1.000000,-1.000000,-1.000000,-1.000000,-1.000000,-nan,-nan,-nan,-nan,
2, 2,Cr,1.007861,0.618880,0.418972,0.360086,0.233965,0.180840,0.152975,0.112116,0.061886,0.068378,0.080191,0.022629,0.012029,-0.003012,-0.014055,-0.028492,-0.034763,-0.059659,-0.072425,-0.034870,-0.047667,-0.087460,-0.099405,-0.087057,-0.122053,-0.107664,-0.105226,-0.119922,-0.088886,-0.065262,-0.075357,-0.043433,-0.009550,-0.020415,-0.002893,0.031797,0.022192,0.022780,0.056852,0.041356,0.021147,0.004484,0.030487,0.025874,0.034469,0.004497,0.060419,0.054668,0.120136,0.177841,0.243830,0.234597,0.200141,0.140557,0.112160,0.096556,0.106366,-0.028128,0.004453,-0.219815,-0.231107,-0.438149,-0.536072,-0.615854,-0.870774,-0.868846,-1.000000,-1.000000,-1.000000,-nan,
2, 3,Cr,0.597474,0.378265,0.271778,0.258092,0.197986,0.171271,0.136400,0.103452,0.082203,0.086514,0.087278,0.063558,0.051544,0.023748,-0.002123,-0.030460,-0.030784,-0.051957,-0.061680,-0.042239,-0.050238,-0.051568,-0.052695,-0.054380,-0.057658,-0.058072,-0.061484,-0.065463,-0.076483,-0.063284,-0.057684,-0.038134,-0.004400,-0.014584,-0.006178,0.015289,0.016280,0.004743,0.022003,0.017431,-0.001768,-0.012185,0.004075,-0.002014,-0.019076,-0.029515,-0.013332,-0.024101,0.013212,0.010349,0.053583,0.075797,0.112977,0.121007,0.117625,0.126348,0.132914,0.090094,0.202889,0.142941,0.235653,0.094485,0.012494,-0.215249,-0.253286,-0.406585,-0.778751,-1.000000,-1.000000,-nan,
2, 4,Cr,0.585355,0.372034,0.267179,0.251698,0.195477,0.169853,0.136826,0.104032,0.081835,0.086222,0.087549,0.065530,0.054267,0.026068,0.002987,-0.025273,-0.027674,-0.048592,-0.060485,-0.040007,-0.045798,-0.049776,-0.052795,-0.053757,-0.056135,-0.057477,-0.060377,-0.064472,-0.075244,-0.063398,-0.056756,-0.037904,-0.006129,-0.015163,-0.006209,0.012265,0.013321,0.002992,0.022251,0.018166,-0.003747,-0.012988,0.002296,-0.005430,-0.022820,-0.033918,-0.019311,-0.028124,0.007338,0.003997,0.046148,0.067777,0.105055,0.113028,0.109670,0.118331,0.124850,0.082335,0.194328,0.134806,0.226859,0.086695,0.005288,-0.220835,-0.258600,-0.410808,-0.780326,-1.000000,-1.000000,-nan,
2, 5,Cr,0.581566,0.370544,0.267806,0.252788,0.195911,0.170154,0.137573,0.103805,0.081938,0.086119,0.086417,0.065407,0.054779,0.026894,0.003706,-0.024118,-0.027086,-0.046446,-0.059522,-0.039846,-0.046133,-0.048004,-0.051792,-0.053705,-0.055758,-0.058250,-0.059980,-0.064342,-0.075824,-0.063822,-0.057029,-0.037794,-0.005638,-0.015839,-0.006697,0.011967,0.013108,0.003125,0.022445,0.017497,-0.004738,-0.013917,0.001166,-0.006669,-0.023978,-0.035063,-0.020473,-0.029275,0.006144,0.002807,0.044908,0.066512,0.103746,0.111709,0.108355,0.117006,0.123517,0.081053,0.192913,0.133461,0.225405,0.085407,0.004097,-0.221758,-0.259479,-0.411506,-0.780586,-1.000000,-1.000000,-nan,
3, 0,Cr,0.020408,-0.216710,-0.061662,-0.458874,-0.247091,-0.097849,0.073232,-0.069995,0.177497,-0.328594,0.383485,-0.080268,-0.059561,0.039571,0.243555,0.071668,-0.259040,0.051683,0.179775,-0.065164,-0.118943,0.342812,-0.335644,0.079977,-0.047864,0.068316,0.009818,-0.395953,0.243339,0.288660,0.144310,-0.212598,-0.007682,-0.052731,0.142298,0.226492,-0.084919,-0.440379,-0.193858,-0.176062,-0.245852,-0.083454,0.185345,-0.009901,0.194426,-0.076406,-0.403240,-0.089990,0.047120,-0.062918,-0.270073,-0.324324,-0.399399,-0.388379,-0.156118,0.477833,0.449275,-0.152542,0.190476,-1.000000,-1.000000,-1.000000,-1.000000,-1.000000,-1.000000,-1.000000,-nan,-nan,-nan,-nan,
3, 1,Cr,1.702327,1.114715,0.693017,0.541141,0.363177,0.282629,0.294878,0.274213,0.187872,0.114611,0.121728,0.080624,0.102102,0.089630,0.113391,0.105044,0.031782,0.077861,0.105880,0.068542,0.059630,0.072375,0.051861,0.018964,0.018975,-0.004415,-0.037651,-0.046382,-0.006930,-0.012085,-0.062769,-0.070161,-0.131471,-0.116506,-0.142308,-0.161679,-0.198258,-0.267120,-0.233978,-0.235960,-0.274321,-0.232293,-0.322430,-0.226433,-0.291582,-0.279149,-0.365986,-0.357695,-0.352536,-0.463527,-0.493200,-0.489596,-0.515052,-0.578710,-0.453766,-0.398176,-0.485090,-0.475954,-0.449444,-0.515949,-0.475213,-0.821537,-0.552713,-1.000000,-1.000000,-1.000000,-nan,-nan,-nan,-nan,
3, 2,Cr,0.746591,0.439251,0.323272,0.262638,0.195882,0.178263,0.130289,0.103499,0.066790,0.055237,0.053971,0.057038,0.053488,0.051134,0.051907,0.054370,0.040053,0.053965,0.034291,0.025581,0.025046,-0.009518,0.008115,-0.019553,-0.019480,-0.014449,-0.016027,-0.029891,0.012235,-0.019067,-0.023523,-0.033526,-0.048000,-0.043929,-0.058877,-0.071085,-0.096649,-0.096474,-0.103498,-0.107692,-0.103853,-0.101309,-0.128931,-0.085873,-0.096427,-0.061374,-0.069268,-0.095026,-0.034538,-0.051298,-0.031354,-0.039946,-0.045456,-0.052063,-0.054342,-0.064100,-0.078231,-0.096076,-0.120000,-0.223602,-0.264693,-0.273546,-0.394300,-0.511700,-0.536479,-0.601847,-0.223602,-0.568668,-1.000000,-nan,
3, 3,Cr,0.429777,0.262427,0.201591,0.159128,0.135705,0.116234,0.110235,0.085911,0.077832,0.071338,0.070400,0.059829,0.063965,0.047900,0.041141,0.041772,0.026681,0.021919,0.018929,0.011224,0.019373,0.003071,0.019366,0.025855,0.021197,0.016862,0.004378,-0.010419,0.004931,-0.010637,-0.021891,-0.028598,-0.025345,-0.015609,-0.028452,-0.043160,-0.062318,-0.065946,-0.073812,-0.086363,-0.094075,-0.107564,-0.122994,-0.130072,-0.119189,-0.097233,-0.105825,-0.104229,-0.088871,-0.087078,-0.101111,-0.099333,-0.089710,-0.096951,-0.076081,-0.087790,-0.085959,-0.085461,-0.057966,-0.158769,-0.169965,-0.093591,-0.169779,-0.100688,-0.281656,-0.298057,0.011031,-0.213642,0.508523,-1.000000,
3, 4,Cr,0.414090,0.253503,0.192117,0.152008,0.129378,0.112131,0.104725,0.078526,0.071050,0.064479,0.063370,0.051624,0.055502,0.042492,0.036820,0.037051,0.020885,0.017357,0.014195,0.005881,0.015426,-0.001317,0.014611,0.019900,0.016449,0.013015,0.001765,-0.014185,0.003709,-0.009869,-0.020014,-0.027280,-0.022057,-0.012039,-0.025031,-0.035107,-0.057190,-0.055262,-0.065687,-0.076347,-0.081584,-0.095242,-0.109145,-0.119881,-0.108531,-0.084384,-0.086832,-0.083180,-0.068921,-0.067631,-0.088760,-0.079198,-0.075198,-0.079518,-0.064203,-0.068494,-0.067251,-0.052808,-0.040883,-0.131082,-0.125756,-0.087334,-0.135787,-0.087447,-0.324297,-0.223875,-0.044363,-0.132848,0.486547,-1.000000,
3, 5,Cr,0.410914,0.248903,0.188171,0.148808,0.126937,0.109176,0.102551,0.076625,0.069108,0.062898,0.062468,0.050283,0.054258,0.041856,0.036297,0.037725,0.021080,0.017011,0.013683,0.006250,0.016231,-0.000825,0.014181,0.019771,0.015768,0.013525,0.001095,-0.014266,0.003806,-0.009928,-0.018971,-0.027349,-0.022014,-0.011714,-0.023906,-0.033229,-0.057222,-0.054293,-0.065058,-0.074979,-0.080091,-0.093569,-0.107954,-0.117232,-0.106843,-0.082265,-0.085554,-0.082542,-0.065902,-0.066969,-0.085481,-0.077334,-0.074717,-0.080663,-0.062482,-0.069695,-0.069189,-0.054775,-0.042875,-0.132886,-0.127571,-0.089230,-0.137582,-0.089342,-0.325700,-0.225487,-0.046348,-0.134649,0.483459,-1.000000,
4, 0,Cr,-0.492386,-0.740260,0.604278,-0.131379,0.122020,0.152738,0.110385,0.001502,0.047577,0.101062,0.024765,-0.264105,-0.079472,-0.034299,0.118501,-0.114441,-0.374069,-0.103139,-0.156830,0.152896,0.284059,0.072737,0.005747,-0.075145,0.237061,0.163113,-0.070423,0.332929,0.097923,0.007774,-0.133226,-0.035652,-0.166399,0.239669,-0.284320,0.105409,-0.151044,-0.287510,-0.221790,0.183971,-0.309979,-0.181167,0.099537,-0.255014,0.026958,-0.079755,-0.143302,0.252408,-0.183673,-0.197861,-0.824253,0.113586,-0.402985,-0.677419,-0.134199,1.298851,-1.000000,0.098901,0.515152,-1.000000,-1.000000,-1.000000,-1.000000,-1.000000,-1.000000,-1.000000,-1.000000,-nan,-nan,-nan,
4, 1,Cr,1.597746,1.105640,0.797163,0.418805,0.263729,0.229031,0.114728,0.122635,0.113260,0.038607,0.037839,-0.000470,-0.008556,0.008298,-0.034632,-0.076545,-0.117660,-0.068666,-0.053901,-0.033363,-0.030955,0.010908,0.025058,0.066964,0.054956,0.049902,0.109775,0.130373,0.112295,0.091349,0.057088,0.014932,-0.020018,-0.046076,-0.018062,-0.063309,-0.042160,-0.094314,-0.084607,-0.101983,-0.194245,-0.227130,-0.246841,-0.245354,-0.122348,-0.120177,-0.096599,-0.150388,-0.243349,-0.259259,-0.426990,-0.338708,-0.487575,-0.451819,-0.267675,-0.390365,-0.270047,-0.417589,-0.395649,-0.557718,-0.929972,-1.000000,-0.687109,-0.525617,-0.019608,-0.567474,-1.000000,-1.000000,-nan,-nan,
4, 2,Cr,0.736957,0.453428,0.304727,0.202452,0.167037,0.152116,0.138122,0.130896,0.109433,0.092140,0.066695,0.094071,0.059127,0.055733,0.037196,0.038529,0.031498,0.037416,0.039242,0.062841,0.047873,0.028004,0.016596,0.024883,0.016782,0.004809,0.018888,0.027996,0.011503,0.020037,0.020544,0.008872,0.001327,-0.001194,-0.003314,-0.027695,-0.025687,-0.072541,-0.089748,-0.124465,-0.136109,-0.167920,-0.215277,-0.262097,-0.266914,-0.264614,-0.263627,-0.307857,-0.319167,-0.331665,-0.356594,-0.363985,-0.391245,-0.358701,-0.363317,-0.284906,-0.288145,-0.362016,-0.395500,-0.565503,-0.688551,-0.737607,-0.748164,-0.694248,-0.462751,-0.212034,0.102050,0.705553,1.387775,-1.000000,
4, 3,Cr,0.403816,0.231073,0.156005,0.104814,0.084947,0.079905,0.077941,0.060981,0.046684,0.039532,0.026639,0.025307,0.010143,0.016204,0.014148,0.012052,0.021401,0.032120,0.045331,0.048144,0.044637,0.033531,0.027562,0.028379,0.023923,0.014246,0.011144,0.011405,0.001204,0.006584,-0.006661,-0.013522,-0.008309,0.000184,0.002203,0.010172,0.010944,-0.007034,-0.006730,-0.029668,-0.045030,-0.082217,-0.102726,-0.127175,-0.158890,-0.172201,-0.183018,-0.207363,-0.225371,-0.240480,-0.265481,-0.268833,-0.289383,-0.263383,-0.293960,-0.274465,-0.302843,-0.286931,-0.298469,-0.346600,-0.371670,-0.407428,-0.504880,-0.582989,-0.273050,-0.358234,-0.407428,-0.116530,1.429543,-1.000000,
4, 4,Cr,0.327250,0.164830,0.097184,0.053610,0.038175,0.040003,0.037227,0.031835,0.027715,0.028267,0.011493,0.007991,0.000564,0.001278,-0.003309,-0.001321,0.000695,0.010573,0.020659,0.020344,0.017866,0.004271,0.007314,0.012340,0.006331,0.008087,0.010591,0.006245,-0.001108,0.002438,-0.000964,-0.003725,0.000807,0.008804,0.019337,0.023023,0.034846,0.010115,0.009169,-0.006285,-0.008658,-0.047766,-0.049508,-0.067957,-0.079717,-0.099324,-0.098682,-0.132734,-0.128959,-0.131198,-0.126901,-0.114766,-0.131382,-0.115775,-0.117797,-0.111902,-0.126419,-0.077203,-0.128025,-0.131783,-0.126252,-0.190127,-0.226500,-0.307907,-0.212963,-0.257300,-0.241309,-0.070962,0.492092,0.492092,
4, 5,Cr,0.325873,0.164265,0.096488,0.052946,0.037740,0.039152,0.037153,0.032489,0.028124,0.028802,0.011939,0.007983,0.000532,0.001889,-0.003171,-0.001303,0.000641,0.010712,0.020511,0.020449,0.017624,0.004136,0.007504,0.012265,0.006591,0.008053,0.011092,0.006931,-0.000902,0.002707,-0.000104,-0.003421,0.001241,0.009237,0.019007,0.023313,0.034120,0.009436,0.008319,-0.006737,-0.009480,-0.048167,-0.049990,-0.068125,-0.080378,-0.099757,-0.099143,-0.133422,-0.128928,-0.131383,-0.126982,-0.115645,-0.132159,-0.116566,-0.118586,-0.112697,-0.127201,-0.078029,-0.128805,-0.132559,-0.127034,-0.190851,-0.227191,-0.308527,-0.213666,-0.257964,-0.241988,-0.071793,0.490757,0.490757,
5, 0,Cr,0.554404,0.866667,0.098901,0.345291,0.007919,0.099707,0.133333,-0.131767,-0.374721,-0.391974,-0.156680,-0.060231,0.187039,0.139503,0.216469,-0.063800,0.086628,-0.068230,-0.162713,0.117166,-0.157303,-0.265092,-0.274732,0.208014,-0.194387,-0.030510,0.040202,0.095557,0.105798,0.046207,0.042006,0.235312,0.337345,0.088032,-0.089069,-0.421965,-0.595885,-0.057412,-0.035122,0.377778,-0.184506,-0.160494,-0.001110,0.404494,0.064496,-0.319213,-0.106478,-0.217391,-0.181818,-0.014239,-0.291785,0.428571,0.190476,-0.040767,-0.675325,0.423488,-0.507389,-0.456522,-0.350649,0.739130,0.612903,0.449275,3.285714,1.000000,-1.000000,-1.000000,-1.000000,-1.000000,-nan,-nan,
5, 1,Cr,1.944651,1.280693,0.959847,0.676981,0.412179,0.231657,0.145244,0.003337,0.009158,-0.073368,-0.006127,0.036369,0.008349,0.041398,0.056888,-0.008330,0.029090,0.003850,-0.030637,-0.032731,-0.015176,-0.033095,-0.010892,-0.019256,-0.067943,-0.000600,-0.009344,0.007224,0.011806,0.018145,0.043378,-0.004928,0.034056,-0.025418,-0.069425,-0.121375,-0.158497,-0.097184,-0.121781,-0.040220,-0.111081,0.068090,-0.017981,0.048639,-0.018241,-0.196450,-0.260580,-0.363933,-0.249896,-0.129279,-0.182705,-0.070709,0.007330,-0.140450,-0.326582,-0.437472,-0.645140,-0.573399,-0.709902,-0.771512,-0.787140,-0.769568,-0.617573,-0.659424,-1.000000,-1.000000,-1.000000,-1.000000,-nan,-nan,
5, 2,Cr,0.836759,0.494025,0.352103,0.288908,0.217235,0.132675,0.095941,0.065700,0.079975,0.067060,0.075370,0.061515,0.037995,0.033899,0.028789,0.011943,0.014217,0.022442,0.024161,0.035526,0.044145,0.045659,0.061079,0.026697,0.006499,0.012393,-0.012113,-0.022244,-0.004436,0.010093,0.019779,0.014670,0.006283,-0.019681,-0.040281,-0.066769,-0.088345,-0.083822,-0.068246,-0.089423,-0.094980,-0.088383,-0.090047,-0.115655,-0.165877,-0.203267,-0.213272,-0.261313,-0.242681,-0.211489,-0.188180,-0.202167,-0.209426,-0.262605,-0.318341,-0.431120,-0.447020,-0.478146,-0.536860,-0.498699,-0.612690,-0.676666,-0.710749,-0.776386,-0.934601,-0.945715,-1.000000,-1.000000,-1.000000,-1.000000,
5, 3,Cr,0.403503,0.182398,0.131520,0.100085,0.091864,0.067987,0.042019,0.043473,0.046002,0.040676,0.040326,0.038939,0.031141,0.015500,0.010944,0.007238,0.007272,-0.000137,-0.000590,0.018230,-0.000295,0.000954,0.008611,-0.002266,-0.005359,-0.004668,-0.006755,-0.010122,-0.001133,0.002325,0.013962,0.010388,0.012552,0.020474,0.016838,0.011084,-0.010604,-0.014386,-0.009542,-0.024892,-0.028358,-0.038426,-0.046058,-0.063470,-0.066131,-0.094222,-0.107236,-0.121514,-0.128533,-0.118745,-0.126932,-0.157087,-0.183339,-0.176613,-0.201814,-0.257915,-0.221418,-0.233997,-0.148096,-0.138924,-0.133987,-0.172128,-0.268190,-0.396423,-0.515423,-0.413090,-0.413090,-0.691453,-1.000000,-1.000000,
5, 4,Cr,0.329403,0.150151,0.109528,0.073231,0.067259,0.045407,0.028051,0.021293,0.014483,0.014180,0.018459,0.019104,0.014952,0.008384,-0.004141,-0.007466,-0.013357,-0.017164,-0.015534,-0.007282,-0.022841,-0.024399,-0.016783,-0.021517,-0.011728,-0.008389,-0.010478,-0.012238,-0.000965,-0.004627,0.003813,-0.000908,0.007209,0.016297,0.008236,0.012526,-0.000230,0.004558,0.005663,-0.005535,-0.000659,0.001591,-0.003109,-0.004538,-0.003869,-0.011097,-0.010433,-0.019153,-0.009292,-0.010292,-0.029577,-0.057476,-0.071703,-0.086600,-0.102376,-0.134870,-0.107566,-0.124015,-0.088179,-0.070659,-0.027221,-0.035680,-0.104665,-0.275572,-0.344891,-0.251441,0.080704,0.157184,-0.311200,0.607200,
5, 5,Cr,0.325205,0.146542,0.105442,0.069740,0.064533,0.043381,0.025013,0.020193,0.014370,0.012254,0.018650,0.017678,0.014465,0.008147,-0.003858,-0.007403,-0.013840,-0.017804,-0.016341,-0.007572,-0.022763,-0.025021,-0.017494,-0.021792,-0.012173,-0.007768,-0.009238,-0.012132,-0.000996,-0.004982,0.003629,-0.000498,0.007778,0.017150,0.009142,0.011536,0.000210,0.006315,0.006358,-0.003055,0.000334,0.003036,0.000434,-0.002928,-0.002885,-0.009455,-0.010256,-0.018035,-0.009820,-0.009419,-0.030509,-0.057468,-0.072119,-0.084087,-0.102405,-0.136911,-0.106077,-0.121724,-0.082833,-0.063658,-0.030736,-0.038462,-0.107247,-0.277662,-0.346781,-0.253600,0.077586,0.153846,-0.313187,0.602564,
5, 6,Cr,0.321033,0.142360,0.100610,0.065525,0.060907,0.040836,0.023228,0.018071,0.013563,0.011855,0.017461,0.016132,0.013059,0.007089,-0.004406,-0.008175,-0.014579,-0.019261,-0.017116,-0.008395,-0.023438,-0.025985,-0.018633,-0.023287,-0.012350,-0.008276,-0.010087,-0.011809,-0.002175,-0.006041,0.002933,-0.000688,0.008159,0.019020,0.010592,0.013023,0.001177,0.009645,0.010444,0.001526,0.004344,0.006921,0.003900,0.002634,0.001927,-0.008103,-0.010462,-0.020421,-0.011248,-0.011499,-0.030197,-0.057348,-0.071821,-0.087043,-0.091727,-0.131863,-0.105005,-0.129374,-0.090116,-0.064119,-0.027940,-0.041227,-0.109815,-0.279740,-0.348660,-0.255747,0.074487,0.150527,-0.315162,0.597955,
5, 7,Cr,0.309517,0.131284,0.088025,0.053057,0.051716,0.032392,0.013777,0.009308,0.006275,0.004544,0.013632,0.011051,0.005731,0.001859,-0.010163,-0.011772,-0.018646,-0.021317,-0.020676,-0.013270,-0.028149,-0.029180,-0.021500,-0.026884,-0.015096,-0.011574,-0.010810,-0.013946,-0.003586,-0.006868,-0.001240,-0.002287,0.009687,0.022440,0.013350,0.018051,0.010616,0.018038,0.021511,0.018550,0.021087,0.023073,0.020355,0.015499,0.019439,0.012133,0.002835,-0.022693,-0.014249,-0.015483,-0.030531,-0.054045,-0.066760,-0.084159,-0.077896,-0.106769,-0.090602,-0.131944,-0.107771,-0.079868,-0.038128,-0.045289,-0.113110,-0.282248,-0.356678,-0.264909,0.061259,0.136364,-0.323593,0.578283,
6, 0,Cr,0.530612,-0.739583,0.737968,-0.119912,-0.281609,0.324503,-0.267155,-0.061522,-0.126838,-0.247492,-0.218031,-0.115436,0.009421,0.422319,0.157790,-0.590011,0.076321,-0.057217,0.003040,-0.168893,0.051204,-0.172138,-0.000000,-0.098539,-0.185225,0.176471,-0.327878,-0.002494,-0.310552,0.035375,-0.016809,-0.210064,-0.146919,0.272107,-0.094033,0.173451,0.022090,0.092279,0.245372,0.123596,0.038062,0.141649,0.226415,0.311475,0.034295,0.297859,0.163542,0.258851,-0.113475,-0.314286,-0.229584,0.402806,-0.722222,-0.380805,-0.148936,-0.450549,-1.000000,-1.000000,0.408451,-1.000000,-1.000000,-1.000000,-1.000000,-1.000000,-1.000000,-nan,-nan,-nan,-nan,-nan,
6, 1,Cr,1.992139,1.411527,0.995242,0.687589,0.457992,0.402710,0.306403,0.258261,0.236674,0.207872,0.158841,0.122973,0.098028,0.104360,0.087096,0.107124,0.070412,0.008970,-0.008057,-0.060700,-0.058297,-0.105949,-0.108500,-0.150910,-0.125830,-0.150182,-0.121861,-0.132803,-0.148513,-0.151280,-0.128634,-0.185133,-0.123342,-0.057937,-0.026103,0.014753,-0.007474,0.017451,0.086386,-0.011052,-0.009564,0.057284,-0.025820,-0.049816,-0.084721,-0.176780,0.012798,0.040223,-0.156939,-0.266389,-0.376133,-0.385492,-0.421592,-0.449716,-0.550621,-0.617806,-0.565009,-0.654473,-0.661436,-0.677028,-0.707538,-1.000000,-1.000000,-1.000000,-1.000000,-1.000000,-1.000000,-1.000000,-nan,-nan,
6, 2,Cr,1.095088,0.716081,0.530797,0.360685,0.292715,0.286995,0.261769,0.244977,0.239007,0.178386,0.163662,0.086171,0.058067,0.051460,0.055619,0.033771,0.038060,0.001166,-0.035424,-0.075595,-0.074900,-0.072610,-0.057423,-0.060127,-0.089265,-0.067417,-0.081381,-0.104358,-0.083563,-0.078708,-0.057538,-0.043334,-0.021108,-0.011607,0.019558,0.015043,0.006196,-0.014436,0.029080,-0.002188,-0.036673,-0.032180,-0.040512,-0.062080,-0.084535,-0.115356,-0.084152,0.005406,-0.075412,-0.221613,-0.323971,-0.319475,-0.368948,-0.413783,-0.455078,-0.463838,-0.542541,-0.560855,-0.492195,-0.690239,-0.574483,-0.884114,-0.709513,-0.868756,-0.669902,-1.000000,-1.000000,-1.000000,-nan,-nan,
6, 3,Cr,0.767326,0.484813,0.386810,0.237363,0.200605,0.178120,0.162476,0.152104,0.147211,0.113610,0.113488,0.086730,0.056469,0.034924,0.042650,0.041434,0.025130,0.012136,-0.028942,-0.042609,-0.041976,-0.056024,-0.053349,-0.049743,-0.069480,-0.054377,-0.090050,-0.073060,-0.062587,-0.050174,-0.021968,-0.026170,0.008659,0.013331,0.009970,0.007189,-0.018614,-0.034279,-0.028083,-0.018533,-0.008235,-0.022840,-0.011063,-0.025568,-0.045291,-0.079002,-0.064910,-0.034027,-0.020582,-0.035220,-0.131483,-0.155703,-0.177494,-0.235891,-0.278549,-0.315372,-0.381075,-0.421017,-0.422775,-0.462682,-0.447366,-0.604338,-0.669656,-0.745679,-0.615975,-0.860355,-1.000000,-1.000000,-1.000000,-nan,
6, 4,Cr,0.587721,0.344413,0.244459,0.173996,0.137859,0.116951,0.106541,0.094468,0.091556,0.077297,0.084321,0.066619,0.041305,0.023033,0.031080,0.005125,-0.001268,-0.016675,-0.046367,-0.060356,-0.069678,-0.089086,-0.069354,-0.070508,-0.072784,-0.080089,-0.105365,-0.088179,-0.080668,-0.070133,-0.050146,-0.048327,-0.008785,-0.002638,-0.004070,-0.001022,-0.013496,-0.017857,0.002757,0.023332,0.024792,0.045018,0.058890,0.065719,0.067554,0.062375,0.065380,0.075031,0.082844,0.104828,0.065313,0.067512,0.046429,0.027434,0.034300,0.027792,-0.073603,-0.127831,-0.109133,-0.127970,-0.055075,-0.145149,-0.335234,-0.459079,-0.339511,-0.400480,-0.750200,-1.000000,-1.000000,-nan,
6, 5,Cr,0.528507,0.311099,0.232412,0.164613,0.138768,0.119792,0.107122,0.092144,0.092520,0.079254,0.086145,0.068460,0.046974,0.033864,0.036573,0.014870,0.009574,-0.000958,-0.026455,-0.044532,-0.047470,-0.062622,-0.052976,-0.055447,-0.059566,-0.065895,-0.086203,-0.074663,-0.079754,-0.067554,-0.053468,-0.058061,-0.025602,-0.018915,-0.017172,-0.012537,-0.027159,-0.034408,-0.013565,0.004004,0.013040,0.033230,0.051647,0.053314,0.057551,0.049772,0.041062,0.036024,0.044850,0.072740,0.033081,0.033899,0.016873,-0.003049,0.027274,0.021343,-0.037589,-0.095767,-0.071926,-0.063477,-0.038371,-0.091716,-0.233613,-0.220041,-0.118024,-0.260147,-0.516830,-0.530252,-1.000000,-nan,
6, 6,Cr,0.504705,0.290525,0.213898,0.145901,0.119445,0.100460,0.085430,0.071817,0.069350,0.054436,0.059506,0.042309,0.022613,0.011095,0.013330,-0.009081,-0.012199,-0.020965,-0.044162,-0.057993,-0.062316,-0.071375,-0.058013,-0.057018,-0.061512,-0.066944,-0.086742,-0.075769,-0.087339,-0.071940,-0.059052,-0.059692,-0.030074,-0.015519,-0.010077,-0.001870,-0.006928,-0.006948,0.008370,0.027300,0.039857,0.055246,0.086284,0.086984,0.106079,0.102505,0.090559,0.103274,0.095779,0.134779,0.069079,0.052606,0.025104,0.011256,0.036609,0.023738,-0.014486,-0.075692,-0.068046,-0.054294,-0.021770,-0.047383,-0.182368,-0.220572,-0.096833,-0.126834,-0.313941,-0.607966,-1.000000,-nan,
7, 0,Cr,-0.479167,-0.463807,-0.448276,-0.097065,0.090116,0.063022,-0.162011,-0.070022,-0.225931,-0.295465,-0.227799,0.293900,-0.025748,-0.255398,-0.328183,0.188707,0.243863,-0.250326,-0.304716,0.082821,-0.160228,0.020119,-0.102167,-0.131783,-0.049171,-0.022801,-0.093567,-0.213589,0.035638,0.102088,0.032258,-0.131216,0.143791,-0.013681,-0.201278,0.197374,0.098524,0.055925,0.009047,0.052632,-0.110169,0.074380,0.188904,-0.026979,0.294176,0.382212,0.015228,-0.032738,0.301871,1.512077,-0.594595,-0.312715,0.179245,-0.475066,-0.006623,-0.583333,0.123596,0.398601,-0.130435,1.597403,1.666667,-1.000000,-1.000000,-1.000000,-1.000000,-1.000000,-1.000000,-1.000000,-nan,-nan,
7, 1,Cr,1.835278,1.464341,0.911738,0.386127,0.223317,0.084496,0.005682,-0.028611,-0.158458,-0.234769,-0.222474,-0.189690,-0.117751,-0.068657,-0.012325,0.049698,0.035302,-0.038733,-0.054203,-0.057868,-0.126317,-0.084776,-0.133768,-0.152391,-0.178600,-0.221512,-0.178002,-0.131287,-0.058689,0.079025,0.068012,0.095261,0.127261,0.116430,0.063916,0.191371,0.193889,0.083922,0.105915,0.018849,0.040310,0.132643,0.017169,-0.028414,0.003427,-0.014357,0.077448,0.045621,0.066197,0.187893,-0.101980,-0.091858,-0.067818,-0.124944,0.012051,-0.171158,-0.129218,0.450377,0.007726,0.053090,-0.277018,0.372427,-0.032668,-0.563319,-0.007543,-1.000000,-1.000000,-1.000000,-nan,-nan,
7, 2,Cr,1.377341,0.894329,0.558192,0.344184,0.286922,0.193098,0.107130,0.107254,0.048982,-0.022908,-0.053009,-0.084064,-0.099724,-0.079905,-0.051781,-0.043596,-0.088252,-0.106676,-0.114356,-0.155225,-0.164464,-0.157105,-0.162814,-0.153871,-0.150837,-0.165145,-0.141893,-0.161784,-0.094705,-0.065773,-0.071780,-0.051452,-0.016642,0.022657,0.004130,0.064631,0.060357,0.067773,0.103412,0.153300,0.186638,0.169265,0.190803,0.170181,0.166156,0.129443,0.118833,0.171587,0.077218,0.216768,0.149861,0.260189,0.228151,0.233308,0.336609,0.248304,0.293223,0.337866,0.230430,0.142116,-0.251522,-0.132447,-0.086966,0.431342,0.465201,0.221001,-0.710816,-0.718230,-1.000000,-1.000000,
7, 3,Cr,0.839146,0.538113,0.353170,0.250424,0.224834,0.175832,0.107256,0.079949,0.017455,-0.003881,-0.020164,-0.059309,-0.069189,-0.077244,-0.064896,-0.064753,-0.091796,-0.100830,-0.093484,-0.101244,-0.098044,-0.117876,-0.098768,-0.100214,-0.106283,-0.105404,-0.080410,-0.098449,-0.067295,-0.060453,-0.065896,-0.033065,-0.011248,0.011278,0.026026,0.083381,0.067007,0.077363,0.103741,0.135798,0.169489,0.157647,0.188711,0.142661,0.111827,0.090751,0.088714,0.094060,0.004846,0.050704,0.030884,0.089429,0.060794,0.044050,0.093599,0.043063,0.089623,0.188110,0.165561,0.210794,-0.049341,-0.147646,-0.119151,0.039501,-0.032280,-0.183309,-0.801272,-0.801272,-1.000000,-1.000000,
7, 4,Cr,0.660771,0.380911,0.229659,0.159326,0.134156,0.102003,0.074952,0.051741,0.009669,-0.002217,-0.006354,-0.041351,-0.047194,-0.048176,-0.032356,-0.021789,-0.026698,-0.011407,-0.007337,-0.014225,-0.019410,-0.045278,-0.035734,-0.037896,-0.041974,-0.040940,-0.025481,-0.042633,-0.026234,-0.024428,-0.048399,-0.032750,-0.028412,-0.000735,-0.006448,0.016347,0.012827,0.019565,0.029459,0.055855,0.075560,0.070936,0.108286,0.080328,0.075986,0.053788,0.034138,0.029951,-0.069059,-0.047797,-0.074687,-0.044781,-0.085747,-0.136033,-0.081370,-0.151857,-0.116642,-0.048242,-0.030410,0.036759,-0.056466,-0.097413,0.132297,0.003796,0.077940,-0.132224,-0.388809,-0.541607,-1.000000,-1.000000,
7, 5,Cr,0.538496,0.317828,0.206938,0.134329,0.100263,0.078658,0.059413,0.032913,0.009138,-0.005942,-0.011927,-0.036787,-0.038805,-0.038298,-0.029624,-0.009859,-0.006953,0.006283,0.023823,0.022944,0.026565,0.003334,0.014213,0.013057,-0.000787,-0.005642,-0.002554,-0.018079,-0.009206,-0.010957,-0.032430,-0.028576,-0.043421,-0.030124,-0.039914,-0.025301,-0.023650,-0.025920,-0.018990,0.004021,0.014284,0.016725,0.045272,0.032387,0.034484,0.038528,0.050282,0.054437,-0.006327,-0.030019,-0.083689,-0.083851,-0.125971,-0.195063,-0.148256,-0.232835,-0.181460,-0.164858,-0.185558,-0.101855,-0.171461,-0.134995,0.092345,0.026252,0.262111,0.090182,-0.194476,-0.079402,-0.280783,0.917913,
7, 6,Cr,0.481401,0.266849,0.158491,0.090958,0.065802,0.044636,0.032303,0.009491,-0.007837,-0.016532,-0.016912,-0.038961,-0.039764,-0.032838,-0.024663,-0.010795,-0.010102,0.008805,0.019980,0.017713,0.024746,0.002424,0.006445,0.002762,-0.005561,-0.005999,-0.004603,-0.014980,-0.003743,-0.002394,-0.017707,-0.009642,-0.026481,-0.012366,-0.028929,-0.020756,-0.016985,-0.024670,-0.017684,0.000505,-0.002708,0.004905,0.038539,0.032537,0.038243,0.050029,0.066491,0.069174,0.031656,-0.002490,-0.039758,-0.046354,-0.097100,-0.147675,-0.119942,-0.208172,-0.169417,-0.155130,-0.200431,-0.105065,-0.201932,-0.152377,0.052653,-0.011089,0.230298,0.069080,-0.227373,-0.116998,-0.310155,0.839588,
7, 7,Cr,0.453628,0.246115,0.139434,0.074788,0.046976,0.028515,0.015622,-0.004614,-0.017943,-0.023567,-0.022267,-0.044731,-0.043977,-0.033349,-0.026938,-0.020745,-0.017178,0.003107,0.010498,0.006971,0.014630,-0.006717,-0.004847,-0.005222,-0.013781,-0.012776,-0.006875,-0.018657,-0.008053,-0.000040,-0.002394,0.006730,-0.007618,0.001048,-0.018799,-0.013206,-0.011779,-0.021544,-0.017608,-0.004400,-0.010596,-0.005059,0.029198,0.029112,0.036284,0.057595,0.088393,0.108290,0.098193,0.062539,0.019611,0.011031,-0.027925,-0.076633,-0.059946,-0.156186,-0.127247,-0.130851,-0.175031,-0.096718,-0.219724,-0.165551,0.025293,-0.049890,0.182025,0.027133,-0.257688,-0.151644,-0.337222,0.767409,
7, 8,Cr,0.442637,0.238210,0.136218,0.071274,0.041094,0.026635,0.013842,-0.003049,-0.017451,-0.022704,-0.022349,-0.041601,-0.037252,-0.027960,-0.022816,-0.014868,-0.014894,0.003240,0.009074,0.007962,0.015889,-0.002413,-0.002588,-0.005810,-0.012007,-0.010172,-0.002483,-0.012728,-0.004039,0.001270,-0.000386,0.006978,-0.004937,0.000398,-0.016082,-0.010547,-0.007732,-0.021511,-0.019947,-0.008753,-0.017683,-0.011263,0.020931,0.020556,0.027644,0.049055,0.079168,0.097132,0.086950,0.052015,0.009451,0.001493,-0.037679,-0.085709,-0.069810,-0.165041,-0.136405,-0.139971,-0.183688,-0.106196,-0.227911,-0.174307,0.014534,-0.059860,0.169622,0.016355,-0.265477,-0.160546,-0.344176,0.748863,
7, 9,Cr,0.440229,0.235489,0.132621,0.069113,0.042346,0.027360,0.014213,-0.005583,-0.020298,-0.024262,-0.024671,-0.042124,-0.035040,-0.026139,-0.020003,-0.011729,-0.012258,0.004344,0.008852,0.007636,0.015945,-0.001032,-0.001612,-0.001933,-0.007110,-0.007040,0.000066,-0.011608,-0.002137,0.002278,0.001704,0.010750,-0.001445,0.001474,-0.016079,-0.012805,-0.009820,-0.024753,-0.023555,-0.012552,-0.021278,-0.015064,0.016855,0.016290,0.023349,0.044671,0.074658,0.092547,0.082407,0.047618,0.005231,-0.002693,-0.041701,-0.089530,-0.073698,-0.168531,-0.140015,-0.143565,-0.187100,-0.109932,-0.231139,-0.177758,0.010293,-0.063789,0.164733,0.012107,-0.268548,-0.164054,-0.346917,0.741553,
7, 10,Cr,0.437286,0.235982,0.132876,0.066463,0.041205,0.025570,0.012962,-0.008117,-0.022200,-0.027966,-0.025049,-0.041215,-0.032779,-0.023142,-0.014660,-0.007943,-0.009877,0.003964,0.007215,0.007697,0.015246,-0.001231,0.001320,0.001465,-0.001662,-0.003145,0.003922,-0.008708,0.000462,0.004120,0.003059,0.012967,0.002745,0.005848,-0.012860,-0.013119,-0.011400,-0.027752,-0.027465,-0.018101,-0.026773,-0.020612,0.011227,0.010098,0.017096,0.038162,0.067962,0.085740,0.075663,0.041091,-0.001032,-0.008906,-0.047672,-0.095203,-0.079469,-0.173711,-0.145373,-0.148902,-0.192164,-0.115477,-0.235929,-0.182881,0.003999,-0.069622,0.157476,0.005801,-0.273105,-0.169263,-0.350987,0.730703,
7, 11,Cr,0.424306,0.225158,0.125401,0.059391,0.037588,0.022664,0.008707,-0.010501,-0.018810,-0.022628,-0.021163,-0.037120,-0.030670,-0.023834,-0.016431,-0.010240,-0.007589,0.005098,0.007513,0.007536,0.012559,-0.000331,0.002000,0.002090,0.001644,0.000020,0.010851,-0.004583,0.003089,0.006674,0.004828,0.015622,0.005665,0.010473,-0.009786,-0.008830,-0.007981,-0.021057,-0.021202,-0.013914,-0.028419,-0.025268,0.002968,-0.000436,0.005063,0.025285,0.054989,0.071915,0.061862,0.027224,-0.014338,-0.022108,-0.060356,-0.107255,-0.091730,-0.184717,-0.156756,-0.160238,-0.202925,-0.127259,-0.246106,-0.193765,-0.009374,-0.082015,0.142059,-0.007596,-0.282787,-0.180328,-0.359631,0.707650,
7, 12,Cr,0.415347,0.219660,0.117299,0.054304,0.036457,0.024798,0.013187,-0.006361,-0.011788,-0.014974,-0.018267,-0.034169,-0.026013,-0.019733,-0.014887,-0.012587,-0.009814,0.005688,0.005852,0.006817,0.011592,0.001545,0.002552,0.000568,0.000396,-0.001800,0.009895,-0.004028,0.007338,0.015202,0.011890,0.022248,0.008104,0.011979,-0.004117,-0.004395,-0.002195,-0.017009,-0.012235,-0.007465,-0.021318,-0.028231,-0.003184,-0.012852,-0.010557,0.005135,0.033303,0.050233,0.040030,0.005118,-0.035748,-0.043664,-0.081070,-0.126935,-0.111752,-0.202689,-0.175345,-0.178750,-0.220495,-0.146498,-0.262725,-0.211538,-0.031212,-0.102251,0.116883,-0.029473,-0.298597,-0.198397,-0.373747,0.670007,
8, 0,Cr,0.041667,-1.000000,-0.303621,-0.093998,0.025641,0.052632,-0.104066,-0.034335,-0.235182,-0.346120,0.240458,-0.215143,-0.222889,-0.046529,-0.206623,-0.155470,-0.091215,0.003680,-0.132858,-0.057751,-0.080381,0.142204,-0.187500,-0.242663,-0.008264,0.050105,-0.074351,0.015228,0.082586,-0.103407,-0.207398,0.018879,-0.121380,0.297879,-0.368088,0.384731,0.160862,-0.098761,0.027170,0.247637,0.021711,-0.012346,0.019956,0.298120,-0.186579,0.186758,0.114551,0.263941,0.485536,0.049618,0.280410,-0.351702,0.914894,-0.148936,0.149425,-0.016393,0.834862,0.587302,-0.358974,-0.099099,0.923077,2.333333,-1.000000,-1.000000,-1.000000,-1.000000,-1.000000,-nan,-nan,-nan,
8, 1,Cr,1.333568,0.632744,0.415234,0.332648,0.210596,0.134169,0.038275,-0.015025,-0.011369,0.016099,-0.032085,-0.045014,-0.009275,0.000885,-0.004247,-0.005457,0.042251,0.065073,0.033021,-0.032055,0.000459,0.037029,0.045226,0.037606,0.029247,-0.013316,-0.006962,0.021242,-0.009897,-0.041706,-0.052396,-0.064011,-0.061910,-0.069401,-0.048963,-0.045414,-0.022612,-0.036336,-0.046590,-0.045146,-0.099837,-0.056183,-0.034005,-0.020570,-0.068499,-0.108683,-0.063593,-0.043941,0.009272,-0.024418,0.028278,-0.091454,0.025688,-0.065978,-0.114326,-0.218683,-0.051735,-0.210546,-0.307415,-0.540441,-0.503438,-0.469375,-0.506514,-0.673203,-1.000000,-0.183007,-1.000000,-1.000000,-1.000000,-nan,
8, 2,Cr,0.602709,0.322788,0.216500,0.155407,0.116232,0.099709,0.064437,0.038974,0.024100,0.012854,-0.001501,0.002043,0.011835,0.021015,0.015238,0.014850,0.005235,0.016344,0.008288,0.005947,0.033750,0.006208,0.022203,0.014047,0.002166,0.003318,0.009575,0.006418,0.001381,-0.028192,-0.023576,-0.030018,-0.047348,-0.033409,-0.058973,-0.049372,-0.032667,0.003373,-0.003380,-0.017490,-0.034992,-0.046097,-0.039012,-0.051978,-0.055802,-0.090087,-0.097144,-0.104569,-0.054210,-0.042100,-0.008266,0.021364,0.088835,0.028351,0.033488,-0.010905,-0.008050,-0.110776,-0.197742,-0.265431,-0.340051,-0.282983,-0.576447,-0.628996,-0.790771,-0.772039,-1.000000,-1.000000,-1.000000,-nan,
8, 3,Cr,0.339703,0.176882,0.107411,0.064099,0.044688,0.048898,0.047780,0.036098,0.033447,0.032009,0.025041,0.019770,0.029592,0.029812,0.035020,0.025370,0.031287,0.037970,0.023766,0.016822,0.026757,0.022481,0.026746,0.030545,0.028618,0.013406,0.016822,0.010459,0.013712,-0.001044,-0.017117,-0.015789,-0.015910,-0.013617,-0.033350,-0.036246,-0.044439,-0.047635,-0.040421,-0.054679,-0.049323,-0.069571,-0.059743,-0.068011,-0.057931,-0.078797,-0.107440,-0.150340,-0.114014,-0.125652,-0.106449,-0.090939,-0.072204,-0.059728,-0.092537,-0.050856,-0.088119,-0.102110,-0.126379,-0.219365,-0.187293,-0.267948,-0.385553,-0.561709,-0.650074,-0.680314,-1.000000,-1.000000,-1.000000,-nan,
8, 4,Cr,0.279699,0.128208,0.071765,0.035928,0.020503,0.028663,0.018926,0.013928,0.014044,0.013884,0.013878,0.006328,0.012621,0.018831,0.021542,0.016535,0.019623,0.021715,0.007315,0.004320,0.009371,0.010500,0.011966,0.020516,0.018339,0.009266,0.011552,0.004022,0.010642,0.001091,-0.012989,-0.009271,-0.007508,-0.004298,-0.021075,-0.023426,-0.027206,-0.026945,-0.025731,-0.029051,-0.032545,-0.058290,-0.043995,-0.040403,-0.029722,-0.026135,-0.048399,-0.051762,-0.044327,-0.053421,-0.046017,-0.035355,-0.026232,-0.011293,-0.032584,-0.005437,-0.023368,-0.000607,-0.008818,-0.071049,0.011177,-0.052804,-0.164514,-0.274166,-0.349467,-0.351592,-0.510092,-0.706055,-1.000000,-nan,
8, 5,Cr,0.277415,0.125557,0.070883,0.035514,0.019876,0.027900,0.017675,0.013922,0.013934,0.013806,0.013976,0.005688,0.012677,0.019342,0.021025,0.015495,0.018479,0.020695,0.006666,0.003754,0.009182,0.009988,0.011895,0.020524,0.017754,0.009082,0.011278,0.003639,0.010651,0.000834,-0.012082,-0.008686,-0.008371,-0.003831,-0.020890,-0.021700,-0.026144,-0.024971,-0.024862,-0.029194,-0.032308,-0.056743,-0.043587,-0.039835,-0.029212,-0.025546,-0.047700,-0.050922,-0.042505,-0.049834,-0.046770,-0.035264,-0.025188,-0.009233,-0.031720,-0.006937,-0.024154,-0.000701,-0.009024,-0.071703,0.008770,-0.054471,-0.165985,-0.275444,-0.350612,-0.352734,-0.510955,-0.706573,-1.000000,-nan,
9, 0,Cr,-1.000000,-0.463807,-0.035813,-0.217002,0.010101,-0.183370,-0.326146,-0.118714,0.265251,0.060792,-0.284436,-0.089332,-0.181133,-0.294284,0.273480,-0.112531,-0.033967,-0.069479,0.010101,0.064426,0.106544,0.140584,-0.268578,0.388069,-0.048109,0.136364,0.025057,-0.207800,-0.014337,-0.007009,-0.107438,-0.362284,-0.202658,-0.078947,0.357616,-0.034205,-0.103621,-0.170469,-0.112426,0.610169,0.170732,0.099426,-0.050132,-0.059070,-0.127400,-0.445215,-0.163180,-0.249374,0.668130,-0.144385,-0.576271,-0.079190,1.696078,-0.492386,0.027397,0.568627,1.150538,-1.000000,0.562500,0.123596,0.204819,-1.000000,3.255319,1.857143,-1.000000,-1.000000,13.285714,-1.000000,-1.000000,-1.000000,
9, 1,Cr,1.494709,1.005297,0.541689,0.326600,0.291053,0.257628,0.129317,0.080962,0.034787,0.064048,0.032010,-0.001761,-0.009245,0.019484,0.040626,0.006808,0.021348,-0.008533,0.002750,-0.015297,0.014846,-0.065149,-0.027992,-0.032432,0.040500,0.080230,0.054701,0.060074,0.044387,-0.005648,-0.093284,-0.089014,-0.114744,-0.092200,-0.071614,-0.105693,-0.044899,-0.098995,-0.032534,-0.041183,-0.006596,-0.072962,-0.042786,-0.019926,-0.181102,-0.141751,-0.187122,-0.315834,-0.178579,-0.191484,-0.239619,-0.101225,-0.077600,-0.035030,0.109388,0.029631,-0.100898,-0.124508,-0.270875,-0.125437,0.041667,-0.566604,0.552795,0.646904,-0.229109,0.025431,2.019324,-1.000000,-1.000000,-1.000000,
9, 2,Cr,0.972281,0.616311,0.377855,0.318886,0.253324,0.163180,0.167171,0.113944,0.094497,0.117511,0.099390,0.066211,0.032780,0.020226,0.028296,0.009521,0.024141,0.011730,0.018315,0.025808,0.032725,0.012895,0.014903,0.030514,0.029616,0.010297,0.004348,0.001097,-0.027211,-0.007867,-0.027563,-0.048617,-0.073426,-0.052627,-0.042959,-0.103850,-0.099367,-0.100103,-0.055387,-0.075128,-0.086857,-0.081284,-0.080918,-0.055908,-0.108700,-0.120315,-0.159913,-0.245321,-0.212107,-0.262907,-0.246882,-0.288629,-0.270507,-0.205276,-0.133357,-0.134682,-0.250734,-0.208203,-0.204143,-0.116502,-0.225615,-0.425594,-0.064491,-0.219021,0.091616,0.309243,0.243781,0.793915,2.109453,-1.000000,
9, 3,Cr,0.616502,0.379451,0.242322,0.209419,0.201265,0.148378,0.124562,0.087993,0.065058,0.083483,0.065451,0.048258,0.032345,0.017322,0.018676,-0.001598,0.008632,0.005361,0.003210,0.011247,0.009931,0.007485,0.019187,0.022731,0.012617,-0.004845,-0.014971,-0.008104,-0.018969,-0.018498,-0.045072,-0.046214,-0.049537,-0.041856,-0.028832,-0.087944,-0.076579,-0.082984,-0.047803,-0.051982,-0.068048,-0.041078,-0.023948,-0.003319,-0.050976,-0.052714,-0.049481,-0.102238,-0.105856,-0.075021,-0.120103,-0.175139,-0.193811,-0.159383,-0.098255,-0.053904,-0.055308,0.022054,0.049844,0.101045,0.100976,0.008120,0.065803,-0.057475,0.038499,0.184220,-0.080496,0.293368,2.152585,-1.000000,
9, 4,Cr,0.538562,0.325023,0.203045,0.171139,0.159151,0.110045,0.089668,0.058742,0.044024,0.067123,0.048466,0.029000,0.015531,0.005904,0.013106,-0.008830,-0.004566,-0.007618,-0.002908,0.006303,0.003042,-0.003051,0.010453,0.011167,0.012070,0.004087,-0.012624,-0.010646,-0.025781,-0.019643,-0.037853,-0.039413,-0.045636,-0.031848,-0.026711,-0.066064,-0.056596,-0.069434,-0.036781,-0.035903,-0.040331,-0.033385,-0.008645,0.010760,-0.011115,-0.008071,-0.016361,-0.040366,-0.051901,-0.016690,-0.086787,-0.115719,-0.131637,-0.106864,-0.066839,-0.007246,0.004150,0.092239,0.134163,0.134336,0.167445,0.095899,0.171928,0.138952,0.196613,0.200919,0.026273,0.428571,0.984127,-1.000000,
9, 5,Cr,0.497838,0.291043,0.164217,0.133669,0.120526,0.081533,0.064270,0.031366,0.015318,0.036375,0.019617,0.005937,-0.007981,-0.016666,-0.003643,-0.016565,-0.014709,-0.021660,-0.014224,-0.007660,-0.007727,-0.016447,-0.001196,0.008058,0.014802,0.000734,-0.010889,-0.009134,-0.021664,-0.009949,-0.023786,-0.021410,-0.026898,-0.013168,-0.011004,-0.045359,-0.039209,-0.045576,-0.020518,-0.023086,-0.028720,-0.028133,-0.006995,0.014253,0.000005,0.004157,-0.000925,-0.010477,-0.025232,0.022206,-0.037304,-0.052436,-0.042671,-0.013053,0.048964,0.135233,0.149884,0.249539,0.275089,0.277769,0.358452,0.198360,0.257143,0.247166,0.304631,0.428571,0.494505,0.454545,0.904762,-1.000000,
