0, 0,Cr,-1.000000,0.428571,0.119403,-0.337748,0.126126,-0.043062,-0.124726,-0.644760,0.284109,0.335312,-0.350649,0.579779,-0.020808,0.070950,0.145038,-0.406528,-0.449036,0.164483,-0.568345,-0.137931,-0.148211,0.327434,0.349073,0.241135,-0.316239,-0.425287,-0.111111,0.355014,-0.190283,0.030928,-0.090909,-1.000000,-1.000000,-1.000000,-1.000000,-1.000000,-1.000000,-1.000000,-1.000000,-nan,-nan,-nan,
0, 0,Mr,3.784580,11.095238,25.088435,41.904762,67.426304,91.866213,118.149660,151.331066,187.995465,227.344671,262.419501,297.877551,343.195011,383.750567,426.768707,463.875283,504.433107,543.428571,583.233560,621.714286,653.691610,689.204082,719.224490,746.596372,775.151927,798.111111,818.482993,834.591837,848.358277,859.410431,865.630385,871.013605,874.263039,876.945578,878.716553,879.532880,880.371882,880.684807,880.931973,880.977324,880.995465,881.000000,
0, 1,Cr,1.977941,1.349046,0.747482,0.715723,0.150432,0.183847,-0.116363,-0.368833,-0.315027,-0.294337,-0.244212,-0.202066,-0.168086,-0.068188,0.113373,0.198543,0.027446,-0.022925,-0.208045,-0.157524,-0.214787,-0.186337,-0.108530,0.057977,-0.147574,-0.207931,-0.142449,0.147612,0.546131,0.450443,1.197838,0.958731,0.968517,0.015310,-0.251337,-0.558824,-1.000000,-1.000000,-1.000000,-1.000000,-1.000000,-1.000000,
0, 1,Mr,3.603936,10.539975,23.808118,39.746617,63.852399,86.907749,111.644526,142.733087,176.987700,213.628536,246.161132,278.890529,320.597786,357.966790,397.670357,432.091021,469.736777,506.006150,543.269373,579.200492,609.041820,642.033210,669.790898,694.908979,720.869619,741.441574,759.583026,773.795818,785.772448,795.353014,800.762608,805.519065,808.365314,810.674047,812.172202,812.841328,813.515375,813.756458,813.950800,813.985240,813.997540,814.000000,
0, 2,Cr,1.488699,1.042154,0.728055,0.566904,0.376539,0.320621,0.151125,0.038141,0.110720,0.021499,0.030049,-0.010889,-0.127686,0.018488,0.146678,0.119591,-0.033340,-0.145441,-0.239188,-0.292067,-0.301311,-0.336475,-0.264799,-0.076859,-0.124863,-0.158964,-0.197556,-0.151585,0.085435,0.158609,0.192144,-0.029923,-0.083012,-0.433625,-0.579002,-0.703362,-1.000000,-1.000000,-1.000000,-1.000000,-1.000000,-1.000000,
0, 2,Mr,3.471698,10.090296,22.660377,37.623989,60.154987,81.712938,104.741240,133.605121,165.239892,198.828841,228.475741,258.157682,295.691375,329.466307,365.454178,396.894879,431.416442,464.814016,499.402965,532.757412,560.733154,591.638814,617.625337,641.047170,665.185984,684.103774,701.002695,714.175202,725.195418,733.982480,738.915094,743.295148,745.913747,748.030997,749.413747,750.021563,750.602426,750.807278,750.960916,750.987871,750.997305,751.000000,
0, 3,Cr,1.005901,0.733175,0.507636,0.367102,0.297404,0.262467,0.124869,0.089770,0.134788,0.044388,0.145415,0.107540,0.064555,0.097709,0.108832,0.061465,-0.009793,-0.068199,-0.181630,-0.238454,-0.256915,-0.322107,-0.318046,-0.202367,-0.232806,-0.259607,-0.224251,-0.166689,-0.105767,-0.104060,-0.094618,-0.252832,-0.335353,-0.596080,-0.727635,-0.799993,-1.000000,-1.000000,-1.000000,-1.000000,-1.000000,-1.000000,
0, 3,Mr,3.353566,9.704097,21.628225,35.678300,56.707132,76.675266,97.761760,124.034901,152.634294,182.792109,209.679818,236.479514,270.226100,300.467375,332.719272,361.078907,392.330804,422.981791,455.047041,485.995448,512.253414,541.314112,566.118361,588.596358,611.839150,630.045524,646.359636,659.250379,670.089530,678.760243,683.664643,688.062215,690.694992,692.860395,694.277693,694.918058,695.555387,695.783005,695.955994,695.986343,695.996965,696.000000,
0, 4,Cr,0.747174,0.511135,0.407788,0.341101,0.306338,0.274425,0.184014,0.156707,0.151539,0.109983,0.160608,0.117272,0.066748,0.092156,0.086829,0.052617,-0.027303,-0.090273,-0.124681,-0.165699,-0.216521,-0.263941,-0.330594,-0.281381,-0.330833,-0.362037,-0.359941,-0.308893,-0.241071,-0.232611,-0.232129,-0.394440,-0.465738,-0.674652,-0.790600,-0.845838,-1.000000,-1.000000,-1.000000,-1.000000,-1.000000,-1.000000,
0, 4,Mr,3.241147,9.269815,20.505902,33.655987,53.160202,71.450253,90.517707,113.966273,139.198988,165.544688,188.973019,212.413153,241.925801,268.777403,297.561551,323.153457,351.263069,378.917369,408.145025,436.881956,461.890388,489.892074,514.072513,536.440135,559.875211,578.527825,595.263069,608.580101,619.824621,628.880270,634.010118,638.608769,641.367622,643.644182,645.133221,645.812816,646.509275,646.758853,646.951096,646.984823,646.996627,647.000000,
0, 5,Cr,0.581877,0.377158,0.303280,0.259553,0.236920,0.223245,0.156872,0.123152,0.141961,0.122860,0.126063,0.111945,0.057706,0.075747,0.077284,0.083083,0.031831,-0.010648,-0.068357,-0.100482,-0.139442,-0.215309,-0.308748,-0.295113,-0.338308,-0.363488,-0.397547,-0.399022,-0.366773,-0.375033,-0.383675,-0.500640,-0.559109,-0.734904,-0.828673,-0.873867,-1.000000,-1.000000,-1.000000,-1.000000,-1.000000,-1.000000,
0, 5,Mr,3.253482,9.183844,19.902507,32.192201,49.908078,66.192201,82.810585,102.715877,123.916435,145.802228,165.378830,185.233983,210.292479,233.994429,259.651811,283.253482,309.169916,334.729805,361.537604,388.108635,411.551532,437.696379,460.350975,481.376045,503.718663,521.902507,538.515320,551.894150,563.242340,572.504178,577.788301,582.545961,585.373259,587.679666,589.167131,589.835655,590.518106,590.760446,590.952646,590.986072,590.997214,591.000000,
0, 6,Cr,0.434542,0.263667,0.234327,0.208186,0.178664,0.182879,0.144289,0.119004,0.129192,0.107305,0.105595,0.103158,0.055978,0.068349,0.065084,0.066456,0.041477,0.030930,-0.017617,-0.048785,-0.096131,-0.137388,-0.207950,-0.210497,-0.278429,-0.321148,-0.378711,-0.408624,-0.407159,-0.462325,-0.478172,-0.562711,-0.608691,-0.682885,-0.767560,-0.834574,-1.000000,-0.911583,-0.888517,-1.000000,-1.000000,-1.000000,
0, 6,Mr,3.268908,9.226891,20.105042,32.462185,50.109244,65.995798,81.899160,100.470588,119.810924,139.046218,155.932773,173.012605,194.504202,214.794118,236.365546,256.676471,279.155462,301.903361,326.151261,350.521008,372.487395,397.348739,419.348739,440.113445,462.008403,479.571429,495.176471,507.571429,518.130252,526.941176,532.130252,537.289916,540.554622,543.441176,545.415966,546.340336,547.310924,547.659664,547.932773,547.978992,547.995798,548.000000,
0, 7,Cr,0.404198,0.235275,0.214676,0.193367,0.166398,0.176115,0.136728,0.115948,0.133952,0.113348,0.102705,0.100383,0.052859,0.066251,0.059906,0.062372,0.037487,0.028229,-0.009684,-0.042554,-0.081620,-0.134241,-0.198428,-0.193961,-0.254809,-0.309254,-0.375656,-0.405755,-0.411893,-0.461770,-0.475606,-0.561564,-0.620851,-0.693627,-0.761242,-0.840443,-0.966829,-0.913069,-0.890391,-1.000000,-1.000000,-1.000000,
0, 7,Mr,3.189655,8.956897,19.504310,31.487069,48.543103,63.943966,79.418103,97.543103,116.581897,135.586207,152.168103,169.025862,190.232759,210.323276,231.599138,251.607759,273.775862,296.198276,320.219828,344.383621,366.241379,390.969828,412.849138,433.573276,455.461207,473.090517,488.737069,501.176724,511.797414,520.672414,525.926724,531.146552,534.448276,537.366379,539.370690,540.306034,541.293103,541.650862,541.931034,541.978448,541.995690,542.000000,
0, 8,Cr,0.388299,0.219433,0.197053,0.179073,0.154696,0.164391,0.130456,0.109868,0.130239,0.115844,0.109119,0.098932,0.047250,0.060930,0.057458,0.059121,0.039089,0.022795,-0.005057,-0.032111,-0.078244,-0.123446,-0.191564,-0.187711,-0.236424,-0.284000,-0.355773,-0.393889,-0.402721,-0.441605,-0.458711,-0.553949,-0.585112,-0.687685,-0.765085,-0.854609,-0.910138,-0.847004,-0.801105,-1.000000,-1.000000,-1.000000,
0, 8,Mr,3.154185,8.828194,19.158590,30.885463,47.568282,62.722467,77.977974,95.872247,114.682819,133.612335,150.215859,167.017621,188.039648,207.973568,229.096916,248.947137,271.000000,293.189427,317.096916,341.162996,362.876652,387.524229,409.290749,429.872247,451.599119,469.044053,484.572687,496.872247,507.317181,516.022026,521.215859,526.370044,529.638767,532.506608,534.462555,535.361233,536.317181,536.656388,536.929515,536.977974,536.995595,537.000000,
0, 9,Cr,0.380541,0.214333,0.192026,0.174667,0.153611,0.163576,0.129511,0.110051,0.129587,0.115874,0.109367,0.098786,0.047388,0.060901,0.056527,0.058328,0.038907,0.022784,-0.005205,-0.034488,-0.076509,-0.119098,-0.188482,-0.185130,-0.233887,-0.279995,-0.350045,-0.390771,-0.403190,-0.439548,-0.460144,-0.558424,-0.583148,-0.690592,-0.754008,-0.855009,-0.910385,-0.847425,-0.801653,-1.000000,-1.000000,-1.000000,
0, 9,Mr,3.132743,8.769912,19.022124,30.659292,47.283186,62.389381,77.592920,95.477876,114.274336,133.207965,149.814159,166.615044,187.637168,207.561947,228.659292,248.473451,270.491150,292.646018,316.500000,340.473451,362.141593,386.761062,408.473451,428.991150,450.699115,468.123894,483.628319,495.929204,506.358407,515.053097,520.234513,525.367257,528.628319,531.491150,533.451327,534.353982,535.314159,535.654867,535.929204,535.977876,535.995575,536.000000,
0, 10,Cr,0.365543,0.201433,0.180475,0.163161,0.147623,0.156372,0.123880,0.106215,0.127139,0.116600,0.106583,0.098640,0.046149,0.059750,0.054566,0.058268,0.037015,0.020320,-0.007946,-0.029222,-0.072523,-0.116853,-0.179768,-0.180506,-0.222645,-0.266301,-0.332348,-0.375172,-0.383162,-0.410257,-0.451408,-0.521376,-0.555063,-0.669053,-0.721392,-0.811879,-0.891314,-0.861464,-0.741156,-0.552906,-1.000000,-1.000000,
0, 10,Mr,3.094170,8.663677,18.811659,30.309417,46.811659,61.798206,76.901345,94.699552,113.488789,132.479821,149.067265,165.896861,186.905830,206.811659,227.852018,247.654709,269.605381,291.654709,315.358744,339.295964,360.852018,385.295964,406.869955,427.242152,448.811659,466.112108,481.524664,493.677130,503.946188,512.560538,517.641256,522.699552,525.896861,528.686099,530.587444,531.457399,532.367713,532.686099,532.937220,532.982063,532.995516,533.000000,
0, 11,Cr,0.346604,0.177495,0.160129,0.138218,0.120832,0.134731,0.105179,0.091862,0.122060,0.107563,0.103948,0.096740,0.047537,0.059353,0.048029,0.045624,0.028235,0.015757,-0.011060,-0.030826,-0.074152,-0.102003,-0.144252,-0.142284,-0.183112,-0.221804,-0.286522,-0.307197,-0.310692,-0.363367,-0.405994,-0.506444,-0.559563,-0.654163,-0.688764,-0.743231,-0.877270,-0.749373,-0.753695,-0.567100,-1.000000,-1.000000,
0, 11,Mr,3.174194,8.896774,19.445161,31.509677,48.903226,64.767742,80.974194,100.374194,121.045161,141.574194,159.400000,177.103226,199.406452,220.535484,242.619355,262.864516,284.890323,306.664516,329.780645,352.838710,373.225806,396.193548,416.045161,434.632258,453.974194,469.277419,482.477419,492.683871,501.070968,507.638710,511.406452,514.864516,516.954839,518.625806,519.696774,520.161290,520.645161,520.812903,520.967742,520.993548,521.000000,521.000000,
survive,  33,  23,  20,  18,  14,  12,  10,   9,   8,   8,   8,   6,   6,   6,   6,   6,   6,   5,   5,   5,   5,   5,   5,   5,   5,   5,   5,   4,   4,   4,   4,   4,   4,   4,   4,   4,   4,   4,   4,   4,   4,   3,   3,   3,   3,   3,   3,   3,   3,   3,   3,   3,   3,   3,   3,   2,   2,   2,   2,   2,   2,   2,   2,   2,   2,   2,   2,   2,   2,   2,   2,   2,   2,   2,   2,   2,   2,   2,   2,   2,   2,   2,   2,   2,   2,   2,   2,   2,   2,   2,   2,   2,   2,   2,   2,   2,   2,   2,   2,   2,   2,   2,   2,   2,   2,   2,   2,   2,   2,   2,   2,   2,   2,   2,   2,   2,   2,   2,   2,   2,   2,   2,   2,   2,   2,   2,   2,   2,   2,   2,   1,   1,   1,   1,   1,   1,   1,   1,   1,   1,   1,   1,   1,   1,   1,   1,   1,   1,   1,   1,   1,   1,   1,   1,   1,   0,   0,   0,   0,   0,   0,   0,   0,   0,   0,   0,   0,   0,   0,   0,   0,   0,   0,   0,   0,   0,   0,   0,   0,   0,   0,   0,   0,   0,   0,   0,   0,   0,   0,   0,   0,   0,   0,   0,   0,   0,   0,   0,   0,   0,   0,   0,   0,   0,   0,   0,   0,   0,   0,   0,   0,   0,   0,   0,   0,   0,   0,   0,   0,   0,   0,   0,   0,   0,   0,   0,   0,   0,   0,   0,   0,   0,   0,   0,   0,   0,   0,   0,   0,   0,   0,   0,   0,   0,   0,   0,   0,   0,   0,   0,   0,   0,   0,   0,   0,   0,   0,   0,   0,   0,   0,   0,   0,   0,   0,   0,   0,   0,   0,   0,   0,   0,   0,   0,   0,   0,   0,   0,   0,   0,   0,   0,   0,   0,   0,   0,   0,   0,   0,   0,   0,   0,   0,   0,   0,   0,   0,   0,   0,   0,   0,   0,   0,   0,   0,   0,   0,   0,   0,   0,   0,   0,   0,   0,   0,   0,   0,   0,   0,   0,   0,   0,   0,   0,   0,   0,   0,   0,   0,   0,   0,   0,   0,   0,   0,   0,   0,   0,   0,   0,   0,   0,   0,   0,   0,   0,   0,   0,   0,   0,   0,   0,   0,   0,   0,   0,   0,   0,   0,   0,   0,   0,   0,   0,   0,   0,   0,   0,   0,   0,   0,   0,   0,   0,   0,   0,   0,   0,   0,   0,   0,   0,   0,   0,   0,   0,   0,   0,   0,   0,   0,   0,   0,   0,   0,   0,   0,   0,   0,   0,   0,   0,   0,   0,   0,   0,   0,   0,   0,   0,   0,   0,   0,   0,   0,   0,   0,   0,   0,   0,   0,   0,   0,   0,   0,   0,   0,   0,   0,   0,   0,   0,   0,   0,   0,   0,   0,   0,   0,   0,   0,   0,   0,   0,   0,   0,   0,   0,   0,   0,   0,   0,   0,   0,   0,   0,   0,   0,   0,   0,   0,   0,   0,   0,   0,   0,   0,   0,   0,   0,   0,   0,   0,   0,   0,   0,   0,   0,   0,   0,   0,   0,   0,   0,   0,   0,   0,   0,   0,   0,   0,   0,   0,   0,   0,   0,   0,   0,   0,   0,   0,   0,   0,   0,   0,   0,   0,   0,   0,   0,   0,   0,   0,   0,   0,   0,   0,   0,   0,   0,   0,   0,   0,   0,   0,   0,   0,   0,   0,   0,   0,   0,   0,   0,   0,   0,   0,   0,   0,   0,   0,   0,   0,   0,   0,   0,   0,   0,   0,   0,   0,   0,   0,   0,   0,   0,   0,   0,   0,   0,   0,   0,   0,   0,   0,   0,   0,   0,   0,   0,   0,   0,   0,   0,   0,   0,   0,   0,   0,   0,   0,   0,   0,   0,   0,   0,   0,   0,   0,   0,   0,   0,   0,   0,   0,   0,   0,   0,   0,   0,   0,   0,   0,   0,   0,   0,   0,   0,   0,   0,   0,   0,   0,   0,   0,   0,   0,   0,   0,   0,   0,   0,   0,   0,   0,   0,   0,   0,   0,   0,   0,   0,   0,   0,   0,   0,   0,   0,   0,   0,   0,   0,   0,   0,   0,   0,   0,   0,   0,   0,   0,   0,   0,   0,   0,   0,   0,   0,   0,   0,   0,   0,   0,   0,   0,   0,   0,   0,   0,   0,   0,   0,   0,   0,   0,   0,   0,   0,   0,   0,   0,   0,   0,   0,   0,   0,   0,   0,   0,   0,   0,   0,   0,   0,   0,   0,   0,   0,   0,   0,   0,   0,   0,   0,   0,   0,   0,   0,   0,   0,   0,   0,   0,   0,   0,   0,   0,   0,   0,   0,   0,   0,   0,   0,   0,   0,   0,   0,   0,   0,   0,   0,   0,   0,   0,   0,   0,   0,   0,   0,   0,   0,   0,   0,   0,   0,   0,   0,   0,   0,   0,   0,   0,   0,   0,   0,   0,   0,   0,   0,   0,   0,   0,   0,   0,   0,   0,   0,   0,   0,   0,   0,   0,   0,   0,   0,   0,   0,   0,   0,   0,   0,   0,   0,   0,   0,   0,   0,   0,   0,   0,   0,   0,   0,   0,   0,   0,   0,   0,   0,   0,   0,   0,   0,   0,   0,   0,   0,   0,   0,   0,   0,   0,   0,   0,   0,   0,   0,   0,   0,   0,   0,   0,   0,   0,   0,   0,   0,   0,   0,   0,   0,   0,   0,   0,   0,   0,   0,   0,   0,   0,   0,   0,   0,   0,   0,   0,   0,   0,   0,   0,   0,   0,   0,   0,   0,   0,   0,   0,   0,   0,   0,   0,   0,   0,   0,   0,   0,   0,   0,   0,   0,   0,   0,   0,   0,   0,   0,   0,   0,   0,   0,   0,   0,   0,   0,   0,   0,   0,   0,   0,   0,   0,   0,   0,   0,   0,   0,   0,   0,
failure,  32,  17,  12,   9,   6,   6,   6,   4,   4,   3,   2,   2,   2,   2,   1,   1,   1,   1,   1,   1,   1,   1,   1,   1,   1,   1,   1,   1,   1,   1,   1,   1,   1,   1,   1,   1,   1,   1,   1,   1,   1,   1,   1,   1,   1,   1,   1,   1,   1,   1,   1,   1,   1,   1,   1,   1,   1,   1,   1,   1,   1,   1,   1,   1,   1,   1,   1,   1,   1,   1,   1,   1,   1,   1,   1,   1,   1,   1,   1,   1,   1,   1,   1,   1,   1,   1,   1,   1,   1,   1,   1,   1,   1,   1,   1,   1,   1,   1,   1,   1,   1,   1,   1,   1,   1,   1,   1,   1,   1,   1,   1,   1,   1,   1,   1,   1,   1,   1,   1,   1,   1,   1,   1,   1,   1,   1,   1,   1,   1,   1,   1,   1,   1,   1,   1,   1,   1,   1,   1,   1,   1,   1,   1,   1,   1,   1,   1,   1,   1,   1,   1,   1,   1,   1,   1,   1,   1,   1,   1,   1,   1,   1,   1,   1,   1,   1,   1,   1,   1,   1,   1,   1,   1,   1,   1,   1,   1,   1,   1,   1,   1,   1,   1,   1,   1,   1,   1,   1,   1,   1,   1,   1,   1,   1,   1,   1,   1,   1,   1,   1,   1,   1,   1,   1,   1,   1,   1,   1,   1,   1,   1,   1,   1,   1,   1,   1,   1,   1,   1,   1,   1,   1,   1,   1,   1,   1,   1,   1,   1,   1,   1,   1,   1,   1,   1,   1,   1,   1,   1,   1,   1,   1,   1,   1,   1,   1,   1,   1,   1,   1,   1,   1,   1,   1,   1,   1,   1,   1,   1,   1,   1,   1,   1,   1,   1,   1,   1,   1,   1,   1,   1,   1,   1,   1,   1,   1,   1,   1,   1,   1,   1,   1,   1,   1,   1,   0,   0,   0,   0,   0,   0,   0,   0,   0,   0,   0,   0,   0,   0,   0,   0,   0,   0,   0,   0,   0,   0,   0,   0,   0,   0,   0,   0,   0,   0,   0,   0,   0,   0,   0,   0,   0,   0,   0,   0,   0,   0,   0,   0,   0,   0,   0,   0,   0,   0,   0,   0,   0,   0,   0,   0,   0,   0,   0,   0,   0,   0,   0,   0,   0,   0,   0,   0,   0,   0,   0,   0,   0,   0,   0,   0,   0,   0,   0,   0,   0,   0,   0,   0,   0,   0,   0,   0,   0,   0,   0,   0,   0,   0,   0,   0,   0,   0,   0,   0,   0,   0,   0,   0,   0,   0,   0,   0,   0,   0,   0,   0,   0,   0,   0,   0,   0,   0,   0,   0,   0,   0,   0,   0,   0,   0,   0,   0,   0,   0,   0,   0,   0,   0,   0,   0,   0,   0,   0,   0,   0,   0,   0,   0,   0,   0,   0,   0,   0,   0,   0,   0,   0,   0,   0,   0,   0,   0,   0,   0,   0,   0,   0,   0,   0,   0,   0,   0,   0,   0,   0,   0,   0,   0,   0,   0,   0,   0,   0,   0,   0,   0,   0,   0,   0,   0,   0,   0,   0,   0,   0,   0,   0,   0,   0,   0,   0,   0,   0,   0,   0,   0,   0,   0,   0,   0,   0,   0,   0,   0,   0,   0,   0,   0,   0,   0,   0,   0,   0,   0,   0,   0,   0,   0,   0,   0,   0,   0,   0,   0,   0,   0,   0,   0,   0,   0,   0,   0,   0,   0,   0,   0,   0,   0,   0,   0,   0,   0,   0,   0,   0,   0,   0,   0,   0,   0,   0,   0,   0,   0,   0,   0,   0,   0,   0,   0,   0,   0,   0,   0,   0,   0,   0,   0,   0,   0,   0,   0,   0,   0,   0,   0,   0,   0,   0,   0,   0,   0,   0,   0,   0,   0,   0,   0,   0,   0,   0,   0,   0,   0,   0,   0,   0,   0,   0,   0,   0,   0,   0,   0,   0,   0,   0,   0,   0,   0,   0,   0,   0,   0,   0,   0,   0,   0,   0,   0,   0,   0,   0,   0,   0,   0,   0,   0,   0,   0,   0,   0,   0,   0,   0,   0,   0,   0,   0,   0,   0,   0,   0,   0,   0,   0,   0,   0,   0,   0,   0,   0,   0,   0,   0,   0,   0,   0,   0,   0,   0,   0,   0,   0,   0,   0,   0,   0,   0,   0,   0,   0,   0,   0,   0,   0,   0,   0,   0,   0,   0,   0,   0,   0,   0,   0,   0,   0,   0,   0,   0,   0,   0,   0,   0,   0,   0,   0,   0,   0,   0,   0,   0,   0,   0,   0,   0,   0,   0,   0,   0,   0,   0,   0,   0,   0,   0,   0,   0,   0,   0,   0,   0,   0,   0,   0,   0,   0,   0,   0,   0,   0,   0,   0,   0,   0,   0,   0,   0,   0,   0,   0,   0,   0,   0,   0,   0,   0,   0,   0,   0,   0,   0,   0,   0,   0,   0,   0,   0,   0,   0,   0,   0,   0,   0,   0,   0,   0,   0,   0,   0,   0,   0,   0,   0,   0,   0,   0,   0,   0,   0,   0,   0,   0,   0,   0,   0,   0,   0,   0,   0,   0,   0,   0,   0,   0,   0,   0,   0,   0,   0,   0,   0,   0,   0,   0,   0,   0,   0,   0,   0,   0,   0,   0,   0,   0,   0,   0,   0,   0,   0,   0,   0,   0,   0,   0,   0,   0,   0,   0,   0,   0,   0,   0,   0,   0,   0,   0,   0,   0,   0,   0,   0,   0,   0,   0,   0,   0,   0,   0,   0,   0,   0,   0,   0,   0,   0,   0,   0,   0,   0,   0,   0,   0,   0,   0,   0,   0,   0,   0,   0,   0,   0,   0,   0,   0,   0,   0,   0,   0,   0,   0,   0,   0,   0,   0,   0,   0,   0,   0,   0,   0,   0,   0,   0,   0,   0,   0,   0,   0,   0,   0,   0,   0,   0,   0,   0,   0,   0,
1, 0,Cr,3.166667,-0.290780,0.115242,-0.367089,-0.148936,-0.333333,0.437372,-0.679487,0.139601,0.308901,-0.112426,-0.113737,0.040462,0.439791,0.101591,-0.713877,0.045752,-0.042408,0.094391,-0.423631,-0.467140,0.166667,-0.183673,0.128668,-0.001996,0.222494,-0.475066,-0.315068,-0.559471,-0.408284,1.857143,0.010101,0.639344,-1.000000,-1.000000,-1.000000,-1.000000,-1.000000,-1.000000,-nan,-nan,-nan,
1, 0,Mr,3.789116,11.095238,25.086168,41.870748,67.331066,91.696145,117.918367,150.961451,187.446712,226.594104,261.537415,296.886621,342.097506,382.621315,425.569161,462.614512,503.092971,541.986395,581.721088,620.201814,652.229025,687.913832,718.158730,745.800454,774.548753,797.768707,818.292517,834.569161,848.378685,859.485261,865.721088,871.095238,874.337868,877.009070,878.768707,879.573696,880.387755,880.691610,880.931973,880.977324,880.995465,881.000000,
1, 1,Cr,1.779650,1.278282,0.708273,0.188859,0.018537,-0.055590,-0.071575,-0.084176,-0.057717,-0.046758,0.015790,0.021113,0.020983,0.091385,0.057735,0.021572,-0.029170,0.031107,0.047028,-0.019405,-0.031752,-0.136060,-0.195312,-0.127095,-0.125855,-0.297607,-0.319894,-0.408310,-0.333064,-0.139908,0.303476,-0.002660,0.080508,-0.140625,0.088710,0.217532,-0.784483,-0.519231,-1.000000,-1.000000,-1.000000,-1.000000,
1, 1,Mr,3.542289,10.340796,23.248756,38.584577,61.741294,83.813433,107.422886,137.032338,169.522388,204.218905,235.315920,266.823383,307.059701,343.325871,381.798507,415.149254,451.552239,486.743781,523.004975,558.370647,588.136816,621.651741,650.325871,676.644279,703.870647,725.746269,744.907960,760.049751,772.793532,783.067164,788.863184,793.895522,796.910448,799.395522,801.042289,801.783582,802.514925,802.768657,802.957711,802.987562,802.997512,803.000000,
1, 2,Cr,1.048856,0.664413,0.404949,0.305333,0.180243,0.072507,0.028127,0.015575,-0.001378,0.034327,0.065577,0.039627,0.017687,0.022761,0.096082,0.079177,0.031694,-0.032908,-0.020513,-0.082920,-0.097220,-0.124264,-0.135538,-0.113815,-0.118128,-0.179165,-0.153863,-0.229660,-0.274715,-0.326940,-0.239584,-0.248144,-0.213304,-0.237604,-0.310061,-0.322268,-0.831639,-0.709279,-1.000000,-1.000000,-1.000000,-1.000000,
1, 2,Mr,3.301449,9.492754,21.111594,34.873913,55.394203,74.765217,95.381159,121.210145,149.397101,179.481159,206.427536,233.750725,268.559420,299.982609,333.311594,362.286957,393.910145,424.242029,455.531884,486.086957,512.026087,541.298551,566.288406,589.142029,612.659420,631.465217,647.891304,660.624638,671.126087,679.379710,684.098551,688.307246,690.831884,692.937681,694.321739,694.955072,695.582609,695.804348,695.963768,695.988406,695.997101,696.000000,
1, 3,Cr,0.750442,0.508482,0.330533,0.226550,0.144710,0.083293,0.048685,0.057999,0.061378,0.091206,0.104557,0.068725,0.055501,0.056359,0.066001,0.045150,0.039736,-0.006362,-0.019824,-0.071476,-0.097454,-0.146155,-0.174612,-0.157709,-0.154963,-0.161214,-0.204192,-0.254108,-0.239853,-0.312647,-0.274820,-0.341918,-0.383696,-0.441671,-0.494582,-0.544027,-0.854825,-0.842078,-1.000000,-1.000000,-1.000000,-1.000000,
1, 3,Mr,3.229656,9.231465,20.358047,33.294756,52.412297,70.368897,89.283906,112.813743,138.184448,165.141049,189.151899,213.405063,244.358047,272.424955,302.244123,328.301989,356.943942,384.495479,412.887884,440.461121,464.048825,490.356239,512.679928,532.915009,553.553345,570.070524,584.171790,594.891501,603.457505,609.833635,613.397830,616.330922,617.990958,619.296564,620.113924,620.473779,620.795660,620.911392,620.983725,620.994575,620.998192,621.000000,
1, 4,Cr,0.658614,0.442208,0.274801,0.172035,0.127391,0.070334,0.059896,0.073150,0.076046,0.121379,0.124067,0.083407,0.049918,0.034580,0.049766,0.037516,0.028581,-0.008666,-0.007010,-0.033546,-0.084635,-0.142337,-0.189102,-0.186739,-0.168693,-0.187769,-0.211503,-0.252931,-0.258881,-0.319138,-0.287387,-0.333333,-0.398836,-0.415766,-0.522059,-0.534884,-0.868697,-0.856528,-1.000000,-1.000000,-1.000000,-1.000000,
1, 4,Mr,3.194805,9.093074,19.963203,32.489177,50.911255,68.054113,86.112554,108.372294,132.145022,157.227273,179.569264,202.145022,230.634199,256.554113,284.106061,308.458874,335.209957,360.863636,387.383117,413.428571,435.911255,461.151515,482.841991,502.627706,523.264069,539.928571,554.277056,565.270563,574.112554,580.753247,584.487013,587.683983,589.515152,590.995671,591.943723,592.372294,592.755411,592.893939,592.980519,592.993506,592.997835,593.000000,
1, 5,Cr,0.505862,0.341513,0.181735,0.085723,0.037450,0.007049,-0.005025,0.022314,0.017444,0.053190,0.058595,0.046954,0.042588,0.009371,0.032980,0.029570,0.035913,0.019343,0.024237,0.009362,-0.041039,-0.082229,-0.136035,-0.159411,-0.131548,-0.089807,-0.081176,-0.091762,-0.099414,-0.147756,-0.135459,-0.130088,-0.249279,-0.256444,-0.408010,-0.457491,-0.724978,-0.706036,-1.000000,-1.000000,-1.000000,-1.000000,
1, 5,Mr,2.977273,8.255682,17.534091,27.903409,43.000000,57.562500,73.005682,92.732955,114.056818,136.789773,156.585227,176.443182,202.096591,224.875000,249.698864,271.744318,296.312500,320.113636,344.556818,368.642045,388.937500,411.715909,431.215909,448.988636,468.426136,484.732955,499.562500,511.397727,521.119318,528.488636,532.784091,536.431818,538.568182,540.357955,541.562500,542.113636,542.619318,542.823864,542.960227,542.982955,542.994318,543.000000,
1, 6,Cr,0.448386,0.295208,0.162189,0.075646,0.033381,-0.012976,-0.019019,-0.001683,0.001358,0.029245,0.041599,0.023612,0.022422,-0.012610,0.020379,0.016516,0.024341,0.014137,0.032288,0.022540,-0.015159,-0.061000,-0.105030,-0.119314,-0.110688,-0.097376,-0.080664,-0.091623,-0.052646,-0.010162,-0.005542,0.061241,-0.036412,-0.028605,-0.129586,-0.167765,-0.386963,-0.387643,-0.640611,-1.000000,-1.000000,-1.000000,
1, 6,Mr,3.153846,8.974359,19.378205,31.064103,47.897436,63.198718,78.814103,97.519231,117.333333,138.493590,158.205128,178.493590,204.243590,227.230769,251.564103,272.820513,296.230769,318.365385,341.108974,363.435897,382.634615,404.320513,422.775641,439.685897,457.532051,472.096154,485.307692,495.878205,504.955128,512.192308,516.538462,520.653846,523.179487,525.288462,526.615385,527.198718,527.717949,527.891026,527.987179,528.000000,528.000000,528.000000,
survive,  27,  16,  11,   9,   8,   8,   8,   8,   8,   8,   8,   7,   7,   7,   7,   7,   6,   6,   6,   6,   6,   6,   6,   6,   6,   6,   6,   6,   6,   5,   5,   5,   5,   5,   5,   5,   5,   5,   5,   4,   4,   4,   4,   4,   4,   4,   4,   4,   4,   4,   4,   4,   4,   4,   4,   4,   4,   4,   4,   4,   3,   3,   3,   3,   3,   3,   3,   3,   3,   3,   3,   3,   3,   3,   3,   2,   2,   2,   2,   2,   2,   2,   2,   2,   2,   2,   2,   2,   2,   2,   2,   2,   2,   2,   2,   2,   2,   2,   2,   2,   2,   2,   2,   2,   2,   2,   2,   2,   2,   2,   2,   2,   1,   1,   1,   1,   1,   1,   1,   1,   1,   1,   1,   1,   1,   1,   1,   1,   1,   1,   1,   1,   1,   1,   1,   1,   1,   1,   1,   1,   1,   1,   1,   1,   1,   1,   1,   1,   1,   1,   1,   1,   1,   1,   1,   1,   0,   0,   0,   0,   0,   0,   0,   0,   0,   0,   0,   0,   0,   0,   0,   0,   0,   0,   0,   0,   0,   0,   0,   0,   0,   0,   0,   0,   0,   0,   0,   0,   0,   0,   0,   0,   0,   0,   0,   0,   0,   0,   0,   0,   0,   0,   0,   0,   0,   0,   0,   0,   0,   0,   0,   0,   0,   0,   0,   0,   0,   0,   0,   0,   0,   0,   0,   0,   0,   0,   0,   0,   0,   0,   0,   0,   0,   0,   0,   0,   0,   0,   0,   0,   0,   0,   0,   0,   0,   0,   0,   0,   0,   0,   0,   0,   0,   0,   0,   0,   0,   0,   0,   0,   0,   0,   0,   0,   0,   0,   0,   0,   0,   0,   0,   0,   0,   0,   0,   0,   0,   0,   0,   0,   0,   0,   0,   0,   0,   0,   0,   0,   0,   0,   0,   0,   0,   0,   0,   0,   0,   0,   0,   0,   0,   0,   0,   0,   0,   0,   0,   0,   0,   0,   0,   0,   0,   0,   0,   0,   0,   0,   0,   0,   0,   0,   0,   0,   0,   0,   0,   0,   0,   0,   0,   0,   0,   0,   0,   0,   0,   0,   0,   0,   0,   0,   0,   0,   0,   0,   0,   0,   0,   0,   0,   0,   0,   0,   0,   0,   0,   0,   0,   0,   0,   0,   0,   0,   0,   0,   0,   0,   0,   0,   0,   0,   0,   0,   0,   0,   0,   0,   0,   0,   0,   0,   0,   0,   0,   0,   0,   0,   0,   0,   0,   0,   0,   0,   0,   0,   0,   0,   0,   0,   0,   0,   0,   0,   0,   0,   0,   0,   0,   0,   0,   0,   0,   0,   0,   0,   0,   0,   0,   0,   0,   0,   0,   0,   0,   0,   0,   0,   0,   0,   0,   0,   0,   0,   0,   0,   0,   0,   0,   0,   0,   0,   0,   0,   0,   0,   0,   0,   0,   0,   0,   0,   0,   0,   0,   0,   0,   0,   0,   0,   0,   0,   0,   0,   0,   0,   0,   0,   0,   0,   0,   0,   0,   0,   0,   0,   0,   0,   0,   0,   0,   0,   0,   0,   0,   0,   0,   0,   0,   0,   0,   0,   0,   0,   0,   0,   0,   0,   0,   0,   0,   0,   0,   0,   0,   0,   0,   0,   0,   0,   0,   0,   0,   0,   0,   0,   0,   0,   0,   0,   0,   0,   0,   0,   0,   0,   0,   0,   0,   0,   0,   0,   0,   0,   0,   0,   0,   0,   0,   0,   0,   0,   0,   0,   0,   0,   0,   0,   0,   0,   0,   0,   0,   0,   0,   0,   0,   0,   0,   0,   0,   0,   0,   0,   0,   0,   0,   0,   0,   0,   0,   0,   0,   0,   0,   0,   0,   0,   0,   0,   0,   0,   0,   0,   0,   0,   0,   0,   0,   0,   0,   0,   0,   0,   0,   0,   0,   0,   0,   0,   0,   0,   0,   0,   0,   0,   0,   0,   0,   0,   0,   0,   0,   0,   0,   0,   0,   0,   0,   0,   0,   0,   0,   0,   0,   0,   0,   0,   0,   0,   0,   0,   0,   0,   0,   0,   0,   0,   0,   0,   0,   0,   0,   0,   0,   0,   0,   0,   0,   0,   0,   0,   0,   0,   0,   0,   0,   0,   0,   0,   0,   0,   0,   0,   0,   0,   0,   0,   0,   0,   0,   0,   0,   0,   0,   0,   0,   0,   0,   0,   0,   0,   0,   0,   0,   0,   0,   0,   0,   0,   0,   0,   0,   0,   0,   0,   0,   0,   0,   0,   0,   0,   0,   0,   0,   0,   0,   0,   0,   0,   0,   0,   0,   0,   0,   0,   0,   0,   0,   0,   0,   0,   0,   0,   0,   0,   0,   0,   0,   0,   0,   0,   0,   0,   0,   0,   0,   0,   0,   0,   0,   0,   0,   0,   0,   0,   0,   0,   0,   0,   0,   0,   0,   0,   0,   0,   0,   0,   0,   0,   0,   0,   0,   0,   0,   0,   0,   0,   0,   0,   0,   0,   0,   0,   0,   0,   0,   0,   0,   0,   0,   0,   0,   0,   0,   0,   0,   0,   0,   0,   0,   0,   0,   0,   0,   0,   0,   0,   0,   0,   0,   0,   0,   0,   0,   0,   0,   0,   0,   0,   0,   0,   0,   0,   0,   0,   0,   0,   0,   0,   0,   0,   0,   0,   0,   0,   0,   0,   0,   0,   0,   0,   0,   0,   0,   0,   0,   0,   0,   0,   0,   0,   0,   0,   0,   0,   0,   0,   0,   0,   0,   0,   0,   0,   0,   0,   0,   0,   0,   0,   0,   0,   0,   0,   0,   0,   0,   0,   0,   0,   0,   0,   0,   0,   0,   0,   0,   0,   0,   0,   0,   0,   0,   0,   0,   0,   0,   0,   0,   0,   0,   0,   0,   0,   0,   0,   0,   0,   0,   0,
failure,  44,  18,  13,  12,  10,  10,   8,   6,   6,   6,   6,   6,   4,   4,   4,   4,   4,   4,   4,   4,   3,   3,   3,   3,   3,   3,   3,   3,   3,   3,   3,   3,   3,   3,   3,   3,   3,   3,   2,   2,   2,   2,   2,   2,   2,   2,   2,   2,   2,   2,   2,   2,   2,   2,   2,   2,   2,   2,   2,   2,   2,   2,   2,   2,   2,   2,   1,   1,   1,   1,   1,   1,   1,   1,   1,   1,   1,   1,   1,   1,   1,   1,   1,   1,   1,   1,   1,   1,   1,   1,   1,   1,   1,   1,   1,   1,   1,   1,   1,   1,   1,   1,   1,   1,   1,   1,   1,   1,   1,   1,   1,   1,   1,   1,   1,   1,   1,   1,   1,   1,   1,   1,   1,   1,   1,   1,   1,   1,   1,   1,   1,   1,   1,   1,   1,   1,   1,   1,   1,   1,   1,   1,   1,   1,   1,   1,   1,   1,   1,   1,   0,   0,   0,   0,   0,   0,   0,   0,   0,   0,   0,   0,   0,   0,   0,   0,   0,   0,   0,   0,   0,   0,   0,   0,   0,   0,   0,   0,   0,   0,   0,   0,   0,   0,   0,   0,   0,   0,   0,   0,   0,   0,   0,   0,   0,   0,   0,   0,   0,   0,   0,   0,   0,   0,   0,   0,   0,   0,   0,   0,   0,   0,   0,   0,   0,   0,   0,   0,   0,   0,   0,   0,   0,   0,   0,   0,   0,   0,   0,   0,   0,   0,   0,   0,   0,   0,   0,   0,   0,   0,   0,   0,   0,   0,   0,   0,   0,   0,   0,   0,   0,   0,   0,   0,   0,   0,   0,   0,   0,   0,   0,   0,   0,   0,   0,   0,   0,   0,   0,   0,   0,   0,   0,   0,   0,   0,   0,   0,   0,   0,   0,   0,   0,   0,   0,   0,   0,   0,   0,   0,   0,   0,   0,   0,   0,   0,   0,   0,   0,   0,   0,   0,   0,   0,   0,   0,   0,   0,   0,   0,   0,   0,   0,   0,   0,   0,   0,   0,   0,   0,   0,   0,   0,   0,   0,   0,   0,   0,   0,   0,   0,   0,   0,   0,   0,   0,   0,   0,   0,   0,   0,   0,   0,   0,   0,   0,   0,   0,   0,   0,   0,   0,   0,   0,   0,   0,   0,   0,   0,   0,   0,   0,   0,   0,   0,   0,   0,   0,   0,   0,   0,   0,   0,   0,   0,   0,   0,   0,   0,   0,   0,   0,   0,   0,   0,   0,   0,   0,   0,   0,   0,   0,   0,   0,   0,   0,   0,   0,   0,   0,   0,   0,   0,   0,   0,   0,   0,   0,   0,   0,   0,   0,   0,   0,   0,   0,   0,   0,   0,   0,   0,   0,   0,   0,   0,   0,   0,   0,   0,   0,   0,   0,   0,   0,   0,   0,   0,   0,   0,   0,   0,   0,   0,   0,   0,   0,   0,   0,   0,   0,   0,   0,   0,   0,   0,   0,   0,   0,   0,   0,   0,   0,   0,   0,   0,   0,   0,   0,   0,   0,   0,   0,   0,   0,   0,   0,   0,   0,   0,   0,   0,   0,   0,   0,   0,   0,   0,   0,   0,   0,   0,   0,   0,   0,   0,   0,   0,   0,   0,   0,   0,   0,   0,   0,   0,   0,   0,   0,   0,   0,   0,   0,   0,   0,   0,   0,   0,   0,   0,   0,   0,   0,   0,   0,   0,   0,   0,   0,   0,   0,   0,   0,   0,   0,   0,   0,   0,   0,   0,   0,   0,   0,   0,   0,   0,   0,   0,   0,   0,   0,   0,   0,   0,   0,   0,   0,   0,   0,   0,   0,   0,   0,   0,   0,   0,   0,   0,   0,   0,   0,   0,   0,   0,   0,   0,   0,   0,   0,   0,   0,   0,   0,   0,   0,   0,   0,   0,   0,   0,   0,   0,   0,   0,   0,   0,   0,   0,   0,   0,   0,   0,   0,   0,   0,   0,   0,   0,   0,   0,   0,   0,   0,   0,   0,   0,   0,   0,   0,   0,   0,   0,   0,   0,   0,   0,   0,   0,   0,   0,   0,   0,   0,   0,   0,   0,   0,   0,   0,   0,   0,   0,   0,   0,   0,   0,   0,   0,   0,   0,   0,   0,   0,   0,   0,   0,   0,   0,   0,   0,   0,   0,   0,   0,   0,   0,   0,   0,   0,   0,   0,   0,   0,   0,   0,   0,   0,   0,   0,   0,   0,   0,   0,   0,   0,   0,   0,   0,   0,   0,   0,   0,   0,   0,   0,   0,   0,   0,   0,   0,   0,   0,   0,   0,   0,   0,   0,   0,   0,   0,   0,   0,   0,   0,   0,   0,   0,   0,   0,   0,   0,   0,   0,   0,   0,   0,   0,   0,   0,   0,   0,   0,   0,   0,   0,   0,   0,   0,   0,   0,   0,   0,   0,   0,   0,   0,   0,   0,   0,   0,   0,   0,   0,   0,   0,   0,   0,   0,   0,   0,   0,   0,   0,   0,   0,   0,   0,   0,   0,   0,   0,   0,   0,   0,   0,   0,   0,   0,   0,   0,   0,   0,   0,   0,   0,   0,   0,   0,   0,   0,   0,   0,   0,   0,   0,   0,   0,   0,   0,   0,   0,   0,   0,   0,   0,   0,   0,   0,   0,   0,   0,   0,   0,   0,   0,   0,   0,   0,   0,   0,   0,   0,   0,   0,   0,   0,   0,   0,   0,   0,   0,   0,   0,   0,   0,   0,   0,   0,   0,   0,   0,   0,   0,   0,   0,   0,   0,   0,   0,   0,   0,   0,   0,   0,   0,   0,   0,   0,   0,   0,   0,   0,   0,   0,   0,   0,   0,   0,   0,   0,   0,   0,   0,   0,   0,   0,   0,   0,   0,   0,   0,   0,   0,   0,   0,   0,   0,   0,   0,   0,   0,   0,   0,   0,   0,   0,   0,   0,   0,   0,   0,
2, 0,Cr,0.428571,-0.264706,-0.619772,0.562500,0.014199,0.039501,-0.023438,-0.234303,0.390821,0.692708,-0.421965,-0.284692,0.002227,0.690507,0.451028,-0.428571,0.045752,-0.194631,-0.315068,-0.855282,-0.638336,-0.347471,0.571709,0.354402,-0.137931,-0.706745,-0.674267,0.260504,-0.056604,-1.000000,1.000000,-1.000000,-1.000000,-1.000000,-1.000000,4.263158,3.761905,-1.000000,-1.000000,-nan,-nan,-nan,
2, 0,Mr,3.789116,11.106576,25.106576,41.888889,67.299320,91.598639,117.759637,150.743764,187.195011,226.340136,261.242630,296.539683,341.675737,382.192744,425.124717,462.172336,502.650794,541.510204,581.240363,619.721088,651.768707,687.417234,717.628118,745.272109,774.102041,797.467120,818.156463,834.557823,848.403628,859.496599,865.741497,871.124717,874.371882,877.038549,878.784580,879.582766,880.399093,880.696145,880.931973,880.977324,880.995465,881.000000,
2, 1,Cr,1.598064,1.165923,0.895896,0.305294,0.156007,0.125975,0.061947,0.059451,-0.040550,0.125381,0.040724,-0.166522,-0.022363,0.064780,0.037380,-0.044681,0.061947,0.082621,0.019778,-0.128445,-0.145651,-0.314368,-0.233362,-0.118905,-0.141613,-0.224305,-0.512078,-0.274596,-0.309227,-0.535987,-0.282297,-0.444673,-0.484890,-1.000000,-0.237127,1.937063,0.775148,-1.000000,-1.000000,-nan,-nan,-nan,
2, 1,Mr,3.581509,10.469586,23.600973,39.209246,62.725061,85.165450,109.223844,139.467153,172.788321,208.559611,240.574209,272.863747,314.272506,351.588808,391.211679,425.445255,462.851582,498.832117,535.700730,571.664234,601.695864,635.389294,664.138686,690.695864,718.403893,740.944039,760.846715,776.618005,789.856448,800.403893,806.357664,811.474453,814.566910,817.116788,818.798054,819.581509,820.389294,820.683698,820.927007,820.975669,820.995134,821.000000,
2, 2,Cr,1.119565,0.665973,0.550043,0.415297,0.307657,0.260960,0.166830,0.094792,-0.033067,-0.001327,-0.035610,-0.108320,-0.018048,0.023307,0.042646,-0.002647,0.024222,0.057885,0.052632,0.042244,-0.053015,-0.107511,-0.091473,-0.063719,-0.210678,-0.373332,-0.412468,-0.358442,-0.416709,-0.478383,-0.590232,-0.679335,-0.698853,-0.578744,-0.496805,-0.087838,0.233871,0.205357,0.216216,-1.000000,-1.000000,-nan,
2, 2,Mr,3.385675,9.774105,21.910468,36.263085,57.651515,77.909091,99.454545,126.398072,155.998623,187.661157,215.975207,244.515152,281.206612,314.294766,349.527548,380.075758,413.650138,446.196970,479.694215,512.508264,540.042700,570.965565,597.358127,621.960055,647.735537,668.746556,687.060606,701.327824,713.119835,722.389807,727.531680,731.780992,734.263085,736.224518,737.455923,738.009642,738.575758,738.779614,738.947658,738.980716,738.995868,739.000000,
2, 3,Cr,0.636797,0.378745,0.297836,0.228969,0.179297,0.178261,0.142890,0.103588,0.004303,0.028767,0.052484,0.004272,0.037874,0.037768,0.033689,0.008764,0.003164,0.014943,-0.009954,-0.038868,-0.091991,-0.164126,-0.156793,-0.139617,-0.172361,-0.296255,-0.265263,-0.195071,-0.175620,-0.185583,-0.281136,-0.306603,-0.446750,-0.363522,-0.480258,-0.241130,0.028876,-0.017253,0.333729,-1.000000,2.734440,-1.000000,
2, 3,Mr,3.146497,8.964968,19.826433,32.458599,50.998408,68.547771,87.114650,110.216561,135.343949,162.154459,186.089172,210.028662,240.678344,268.343949,297.831210,323.832803,352.780255,381.294586,411.414013,441.165605,466.530255,495.105096,519.573248,542.641720,567.194268,587.394904,605.517516,619.875796,631.764331,641.183121,646.434713,650.726115,653.262739,655.264331,656.498408,657.038217,657.595541,657.791401,657.955414,657.984076,657.996815,658.000000,
2, 4,Cr,0.405397,0.199446,0.123358,0.132043,0.084619,0.060816,0.067171,0.051148,0.025043,0.026894,0.047268,0.036825,0.021754,0.030130,0.033837,0.031781,0.005496,0.017533,0.000215,-0.046687,-0.077994,-0.088826,-0.101876,-0.098759,-0.104727,-0.104360,-0.095911,-0.123803,-0.126049,-0.122242,-0.150578,-0.153814,-0.246334,-0.258735,-0.368188,-0.379096,-0.179487,-0.196787,-0.104599,-1.000000,1.051282,-1.000000,
2, 4,Mr,3.043902,8.443902,18.302439,29.970732,46.956098,62.941463,79.629268,100.390244,122.936585,146.882927,168.443902,189.858537,216.892683,241.097561,266.717073,288.878049,312.790244,335.800000,359.629268,382.629268,401.721951,423.214634,441.121951,457.990244,476.351220,491.521951,505.082927,516.458537,526.117073,533.643902,537.936585,541.409756,543.521951,545.268293,546.424390,546.941463,547.531707,547.756098,547.946341,547.980488,547.995122,548.000000,
2, 5,Cr,0.395462,0.193370,0.111707,0.120755,0.078403,0.051165,0.059681,0.045957,0.019452,0.020381,0.037491,0.025757,0.012295,0.022432,0.030426,0.027818,0.005805,0.018908,0.002725,-0.042071,-0.069684,-0.079871,-0.091250,-0.085217,-0.082510,-0.084838,-0.081789,-0.116324,-0.118241,-0.105936,-0.115210,-0.100068,-0.184836,-0.205008,-0.283948,-0.326749,-0.185474,-0.202405,-0.167543,-1.000000,1.028169,-1.000000,
2, 5,Mr,3.116022,8.679558,18.889503,30.983425,48.745856,65.331492,82.486188,103.828729,126.939227,151.480663,173.486188,195.232044,222.696133,247.237569,273.392265,295.994475,320.486188,344.005525,368.132597,391.209945,409.961326,430.972376,448.392265,464.613260,482.077348,496.425414,508.845304,518.906077,527.204420,533.624309,537.132597,539.839779,541.381215,542.596685,543.309392,543.596685,543.856354,543.944751,543.994475,544.000000,544.000000,544.000000,
survive,  30,  17,  14,  14,  12,  11,   8,   8,   7,   7,   7,   7,   6,   6,   5,   5,   5,   5,   5,   5,   5,   5,   5,   5,   5,   5,   5,   4,   4,   4,   4,   4,   4,   4,   4,   4,   4,   4,   4,   4,   4,   4,   4,   4,   4,   4,   4,   4,   4,   4,   4,   4,   4,   4,   4,   4,   4,   4,   4,   4,   4,   4,   4,   4,   4,   4,   4,   4,   4,   4,   4,   4,   3,   3,   3,   3,   3,   3,   3,   3,   3,   2,   2,   2,   2,   2,   2,   2,   2,   2,   2,   2,   2,   2,   2,   2,   2,   2,   2,   2,   1,   1,   1,   1,   1,   1,   1,   1,   1,   1,   1,   1,   1,   1,   1,   1,   1,   1,   1,   1,   1,   1,   1,   1,   1,   1,   1,   1,   1,   1,   1,   1,   1,   1,   1,   1,   1,   1,   1,   1,   1,   1,   1,   1,   1,   1,   1,   1,   1,   1,   1,   1,   1,   1,   1,   1,   1,   1,   1,   1,   1,   1,   1,   1,   1,   1,   1,   1,   1,   1,   1,   1,   1,   1,   1,   1,   1,   1,   1,   1,   1,   0,   0,   0,   0,   0,   0,   0,   0,   0,   0,   0,   0,   0,   0,   0,   0,   0,   0,   0,   0,   0,   0,   0,   0,   0,   0,   0,   0,   0,   0,   0,   0,   0,   0,   0,   0,   0,   0,   0,   0,   0,   0,   0,   0,   0,   0,   0,   0,   0,   0,   0,   0,   0,   0,   0,   0,   0,   0,   0,   0,   0,   0,   0,   0,   0,   0,   0,   0,   0,   0,   0,   0,   0,   0,   0,   0,   0,   0,   0,   0,   0,   0,   0,   0,   0,   0,   0,   0,   0,   0,   0,   0,   0,   0,   0,   0,   0,   0,   0,   0,   0,   0,   0,   0,   0,   0,   0,   0,   0,   0,   0,   0,   0,   0,   0,   0,   0,   0,   0,   0,   0,   0,   0,   0,   0,   0,   0,   0,   0,   0,   0,   0,   0,   0,   0,   0,   0,   0,   0,   0,   0,   0,   0,   0,   0,   0,   0,   0,   0,   0,   0,   0,   0,   0,   0,   0,   0,   0,   0,   0,   0,   0,   0,   0,   0,   0,   0,   0,   0,   0,   0,   0,   0,   0,   0,   0,   0,   0,   0,   0,   0,   0,   0,   0,   0,   0,   0,   0,   0,   0,   0,   0,   0,   0,   0,   0,   0,   0,   0,   0,   0,   0,   0,   0,   0,   0,   0,   0,   0,   0,   0,   0,   0,   0,   0,   0,   0,   0,   0,   0,   0,   0,   0,   0,   0,   0,   0,   0,   0,   0,   0,   0,   0,   0,   0,   0,   0,   0,   0,   0,   0,   0,   0,   0,   0,   0,   0,   0,   0,   0,   0,   0,   0,   0,   0,   0,   0,   0,   0,   0,   0,   0,   0,   0,   0,   0,   0,   0,   0,   0,   0,   0,   0,   0,   0,   0,   0,   0,   0,   0,   0,   0,   0,   0,   0,   0,   0,   0,   0,   0,   0,   0,   0,   0,   0,   0,   0,   0,   0,   0,   0,   0,   0,   0,   0,   0,   0,   0,   0,   0,   0,   0,   0,   0,   0,   0,   0,   0,   0,   0,   0,   0,   0,   0,   0,   0,   0,   0,   0,   0,   0,   0,   0,   0,   0,   0,   0,   0,   0,   0,   0,   0,   0,   0,   0,   0,   0,   0,   0,   0,   0,   0,   0,   0,   0,   0,   0,   0,   0,   0,   0,   0,   0,   0,   0,   0,   0,   0,   0,   0,   0,   0,   0,   0,   0,   0,   0,   0,   0,   0,   0,   0,   0,   0,   0,   0,   0,   0,   0,   0,   0,   0,   0,   0,   0,   0,   0,   0,   0,   0,   0,   0,   0,   0,   0,   0,   0,   0,   0,   0,   0,   0,   0,   0,   0,   0,   0,   0,   0,   0,   0,   0,   0,   0,   0,   0,   0,   0,   0,   0,   0,   0,   0,   0,   0,   0,   0,   0,   0,   0,   0,   0,   0,   0,   0,   0,   0,   0,   0,   0,   0,   0,   0,   0,   0,   0,   0,   0,   0,   0,   0,   0,   0,   0,   0,   0,   0,   0,   0,   0,   0,   0,   0,   0,   0,   0,   0,   0,   0,   0,   0,   0,   0,   0,   0,   0,   0,   0,   0,   0,   0,   0,   0,   0,   0,   0,   0,   0,   0,   0,   0,   0,   0,   0,   0,   0,   0,   0,   0,   0,   0,   0,   0,   0,   0,   0,   0,   0,   0,   0,   0,   0,   0,   0,   0,   0,   0,   0,   0,   0,   0,   0,   0,   0,   0,   0,   0,   0,   0,   0,   0,   0,   0,   0,   0,   0,   0,   0,   0,   0,   0,   0,   0,   0,   0,   0,   0,   0,   0,   0,   0,   0,   0,   0,   0,   0,   0,   0,   0,   0,   0,   0,   0,   0,   0,   0,   0,   0,   0,   0,   0,   0,   0,   0,   0,   0,   0,   0,   0,   0,   0,   0,   0,   0,   0,   0,   0,   0,   0,   0,   0,   0,   0,   0,   0,   0,   0,   0,   0,   0,   0,   0,   0,   0,   0,   0,   0,   0,   0,   0,   0,   0,   0,   0,   0,   0,   0,   0,   0,   0,   0,   0,   0,   0,   0,   0,   0,   0,   0,   0,   0,   0,   0,   0,   0,   0,   0,   0,   0,   0,   0,   0,   0,   0,   0,   0,   0,   0,   0,   0,   0,   0,   0,   0,   0,   0,   0,   0,   0,   0,   0,   0,   0,   0,   0,   0,   0,   0,   0,   0,   0,   0,   0,   0,   0,   0,   0,   0,   0,   0,   0,   0,   0,   0,   0,   0,   0,   0,   0,   0,   0,   0,   0,   0,   0,   0,   0,   0,   0,   0,   0,   0,   0,   0,   0,   0,   0,   0,   0,
failure,  41,  22,  17,  13,  11,  10,  10,   9,   9,   8,   7,   7,   6,   6,   6,   5,   5,   5,   5,   5,   5,   5,   3,   3,   3,   3,   3,   3,   3,   2,   2,   2,   2,   2,   2,   2,   2,   2,   2,   2,   2,   2,   2,   2,   2,   2,   2,   2,   2,   2,   2,   1,   1,   1,   1,   1,   1,   1,   1,   1,   1,   1,   1,   1,   1,   1,   1,   1,   1,   1,   1,   1,   1,   1,   1,   1,   1,   1,   1,   1,   1,   1,   1,   1,   1,   1,   1,   1,   1,   1,   1,   1,   1,   1,   1,   1,   1,   1,   1,   1,   1,   1,   1,   1,   1,   1,   1,   1,   1,   1,   1,   1,   1,   1,   1,   1,   1,   1,   1,   1,   1,   1,   1,   1,   0,   0,   0,   0,   0,   0,   0,   0,   0,   0,   0,   0,   0,   0,   0,   0,   0,   0,   0,   0,   0,   0,   0,   0,   0,   0,   0,   0,   0,   0,   0,   0,   0,   0,   0,   0,   0,   0,   0,   0,   0,   0,   0,   0,   0,   0,   0,   0,   0,   0,   0,   0,   0,   0,   0,   0,   0,   0,   0,   0,   0,   0,   0,   0,   0,   0,   0,   0,   0,   0,   0,   0,   0,   0,   0,   0,   0,   0,   0,   0,   0,   0,   0,   0,   0,   0,   0,   0,   0,   0,   0,   0,   0,   0,   0,   0,   0,   0,   0,   0,   0,   0,   0,   0,   0,   0,   0,   0,   0,   0,   0,   0,   0,   0,   0,   0,   0,   0,   0,   0,   0,   0,   0,   0,   0,   0,   0,   0,   0,   0,   0,   0,   0,   0,   0,   0,   0,   0,   0,   0,   0,   0,   0,   0,   0,   0,   0,   0,   0,   0,   0,   0,   0,   0,   0,   0,   0,   0,   0,   0,   0,   0,   0,   0,   0,   0,   0,   0,   0,   0,   0,   0,   0,   0,   0,   0,   0,   0,   0,   0,   0,   0,   0,   0,   0,   0,   0,   0,   0,   0,   0,   0,   0,   0,   0,   0,   0,   0,   0,   0,   0,   0,   0,   0,   0,   0,   0,   0,   0,   0,   0,   0,   0,   0,   0,   0,   0,   0,   0,   0,   0,   0,   0,   0,   0,   0,   0,   0,   0,   0,   0,   0,   0,   0,   0,   0,   0,   0,   0,   0,   0,   0,   0,   0,   0,   0,   0,   0,   0,   0,   0,   0,   0,   0,   0,   0,   0,   0,   0,   0,   0,   0,   0,   0,   0,   0,   0,   0,   0,   0,   0,   0,   0,   0,   0,   0,   0,   0,   0,   0,   0,   0,   0,   0,   0,   0,   0,   0,   0,   0,   0,   0,   0,   0,   0,   0,   0,   0,   0,   0,   0,   0,   0,   0,   0,   0,   0,   0,   0,   0,   0,   0,   0,   0,   0,   0,   0,   0,   0,   0,   0,   0,   0,   0,   0,   0,   0,   0,   0,   0,   0,   0,   0,   0,   0,   0,   0,   0,   0,   0,   0,   0,   0,   0,   0,   0,   0,   0,   0,   0,   0,   0,   0,   0,   0,   0,   0,   0,   0,   0,   0,   0,   0,   0,   0,   0,   0,   0,   0,   0,   0,   0,   0,   0,   0,   0,   0,   0,   0,   0,   0,   0,   0,   0,   0,   0,   0,   0,   0,   0,   0,   0,   0,   0,   0,   0,   0,   0,   0,   0,   0,   0,   0,   0,   0,   0,   0,   0,   0,   0,   0,   0,   0,   0,   0,   0,   0,   0,   0,   0,   0,   0,   0,   0,   0,   0,   0,   0,   0,   0,   0,   0,   0,   0,   0,   0,   0,   0,   0,   0,   0,   0,   0,   0,   0,   0,   0,   0,   0,   0,   0,   0,   0,   0,   0,   0,   0,   0,   0,   0,   0,   0,   0,   0,   0,   0,   0,   0,   0,   0,   0,   0,   0,   0,   0,   0,   0,   0,   0,   0,   0,   0,   0,   0,   0,   0,   0,   0,   0,   0,   0,   0,   0,   0,   0,   0,   0,   0,   0,   0,   0,   0,   0,   0,   0,   0,   0,   0,   0,   0,   0,   0,   0,   0,   0,   0,   0,   0,   0,   0,   0,   0,   0,   0,   0,   0,   0,   0,   0,   0,   0,   0,   0,   0,   0,   0,   0,   0,   0,   0,   0,   0,   0,   0,   0,   0,   0,   0,   0,   0,   0,   0,   0,   0,   0,   0,   0,   0,   0,   0,   0,   0,   0,   0,   0,   0,   0,   0,   0,   0,   0,   0,   0,   0,   0,   0,   0,   0,   0,   0,   0,   0,   0,   0,   0,   0,   0,   0,   0,   0,   0,   0,   0,   0,   0,   0,   0,   0,   0,   0,   0,   0,   0,   0,   0,   0,   0,   0,   0,   0,   0,   0,   0,   0,   0,   0,   0,   0,   0,   0,   0,   0,   0,   0,   0,   0,   0,   0,   0,   0,   0,   0,   0,   0,   0,   0,   0,   0,   0,   0,   0,   0,   0,   0,   0,   0,   0,   0,   0,   0,   0,   0,   0,   0,   0,   0,   0,   0,   0,   0,   0,   0,   0,   0,   0,   0,   0,   0,   0,   0,   0,   0,   0,   0,   0,   0,   0,   0,   0,   0,   0,   0,   0,   0,   0,   0,   0,   0,   0,   0,   0,   0,   0,   0,   0,   0,   0,   0,   0,   0,   0,   0,   0,   0,   0,   0,   0,   0,   0,   0,   0,   0,   0,   0,   0,   0,   0,   0,   0,   0,   0,   0,   0,   0,   0,   0,   0,   0,   0,   0,   0,   0,   0,   0,   0,   0,   0,   0,   0,   0,   0,   0,   0,   0,   0,   0,   0,   0,   0,   0,   0,   0,   0,   0,   0,   0,   0,   0,   0,   0,   0,   0,   0,   0,   0,   0,   0,   0,   0,   0,   0,   0,   0,   0,   0,   0,
3, 0,Cr,-1.000000,0.515152,0.195219,0.333333,-0.130435,-0.095023,0.077586,0.174497,0.071975,-0.141631,-0.055118,-0.029126,-0.360614,-0.007092,-0.335106,-0.544765,-0.450549,-0.717913,0.059603,-0.182561,-0.145299,0.345291,0.221640,-0.221790,0.971326,-0.539171,1.061856,-0.062500,0.486989,-0.111111,0.503759,-0.166667,-1.000000,0.538462,-1.000000,-1.000000,-1.000000,-1.000000,-1.000000,-1.000000,-1.000000,-nan,
3, 0,Mr,3.789116,11.117914,25.149660,41.975057,67.458050,91.843537,118.113379,151.231293,187.825397,227.111111,262.147392,297.630385,343.020408,383.668934,426.755102,463.893424,504.446712,543.378685,583.058957,621.453515,653.435374,688.968254,719.031746,746.510204,775.142857,798.299320,818.820862,835.036281,848.757370,859.739229,865.909297,871.235828,874.448980,877.088435,878.818594,879.609977,880.414966,880.712018,880.938776,880.979592,880.995465,881.000000,
3, 1,Cr,3.629630,2.644708,1.325170,0.845127,0.508554,0.205357,0.102941,0.308140,0.005373,-0.096195,-0.117802,-0.167743,-0.397618,-0.603873,-0.475728,-0.618435,-0.493442,-0.403988,-0.180721,-0.409047,-0.412430,-0.316525,-0.274194,-0.006866,0.152884,0.692478,0.654412,0.513672,0.500741,0.279940,0.006579,0.527149,0.881602,1.280405,1.477332,1.692819,0.480263,0.480263,0.704545,-1.000000,-1.000000,-nan,
3, 1,Mr,3.681437,10.765269,24.234731,40.320958,64.643114,87.908982,112.989222,144.750898,179.829940,217.483832,251.027545,285.004790,328.435928,367.318563,408.537725,443.912575,482.444311,519.365269,556.967665,593.203593,623.289820,656.591617,684.600000,710.097006,736.782036,758.416766,777.665868,792.900599,805.692216,815.870659,821.570060,826.445509,829.354491,831.700599,833.192814,833.862275,834.541317,834.780838,834.959281,834.986826,834.996407,835.000000,
3, 2,Cr,2.575902,2.087098,1.510990,1.168137,0.967440,0.442748,0.250203,0.149066,0.084646,-0.054634,-0.210959,-0.370629,-0.302407,-0.473016,-0.439003,-0.603306,-0.592218,-0.592830,-0.487148,-0.421544,-0.358545,-0.305064,-0.205131,0.023912,0.229902,0.431888,0.614293,0.597422,0.715387,0.652657,0.760644,0.530574,0.751995,0.687377,0.921904,0.918495,0.477273,0.487603,0.141649,-1.000000,-1.000000,-nan,
3, 2,Mr,3.619664,10.564036,23.712807,39.406210,63.156533,85.703752,109.887451,140.420440,174.137128,210.297542,242.451488,274.906856,316.487710,353.468305,392.635188,426.080207,462.487710,497.291074,532.569211,566.477361,594.456662,625.324709,651.263907,674.811125,699.513583,719.347995,736.987063,750.948254,762.829237,772.214748,777.459250,781.829237,784.377749,786.366106,787.604140,788.135834,788.658473,788.839586,788.971539,788.990944,788.997413,789.000000,
3, 3,Cr,1.400055,1.045902,0.833338,0.612316,0.574770,0.423959,0.387111,0.327140,0.325769,0.219325,0.110915,0.003496,-0.040040,-0.192749,-0.192441,-0.288925,-0.344958,-0.349962,-0.368766,-0.310180,-0.340535,-0.333695,-0.348868,-0.290257,-0.221082,-0.059440,0.097260,0.141485,0.256831,0.287999,0.351390,0.438708,0.755311,0.922419,0.859421,0.844262,0.389275,0.249024,-0.162888,-1.000000,-1.000000,-nan,
3, 3,Mr,3.444934,9.983847,22.317181,36.878120,58.975037,80.011747,102.508076,130.751836,161.790015,194.867841,224.074890,253.367107,290.674009,323.766520,358.712188,388.483113,420.691630,451.521292,482.960352,513.325991,538.515419,566.374449,589.772394,610.854626,632.832599,650.328928,666.133627,678.985316,690.067548,698.992658,704.035242,708.397944,711.016153,713.143906,714.481645,715.061674,715.624082,715.822320,715.967695,715.989721,715.997063,716.000000,
3, 4,Cr,1.006138,0.764990,0.605535,0.450213,0.381743,0.267383,0.271537,0.261289,0.226369,0.193441,0.144530,0.095348,0.048257,-0.026178,-0.066319,-0.117719,-0.145783,-0.151369,-0.150165,-0.148289,-0.206970,-0.252338,-0.316832,-0.344389,-0.343509,-0.309123,-0.248047,-0.205250,-0.157628,-0.121280,-0.039116,0.159712,0.588810,0.854987,1.072453,1.250950,1.033093,0.875977,0.529465,-0.028340,0.214575,-1.000000,
3, 4,Mr,3.385714,9.787500,21.882143,36.221429,57.880357,78.385714,100.383929,127.892857,157.987500,189.908929,217.976786,246.085714,281.619643,312.789286,345.187500,372.510714,401.928571,429.898214,458.223214,485.233929,507.241071,531.151786,550.583929,567.687500,585.296429,598.950000,611.171429,621.017857,629.817857,637.075000,641.251786,644.969643,647.291071,649.232143,650.507143,651.087500,651.655357,651.848214,651.978571,651.994643,651.998214,652.000000,
3, 5,Cr,0.681551,0.466437,0.361924,0.273144,0.195359,0.129012,0.123628,0.131350,0.125432,0.132600,0.114388,0.059656,0.029085,-0.011494,-0.040002,-0.045892,-0.069643,-0.065045,-0.060049,-0.049012,-0.088028,-0.097232,-0.127813,-0.171559,-0.210094,-0.226341,-0.235743,-0.240020,-0.217911,-0.226316,-0.232037,-0.063305,0.222237,0.415363,0.613348,0.793700,0.695075,0.578742,0.276276,-0.189189,0.013514,-1.000000,
3, 5,Mr,3.217742,9.227823,20.548387,33.885081,53.687500,72.491935,92.534274,117.760081,145.431452,174.965726,201.114919,227.195565,260.157258,289.187500,319.324597,344.862903,372.260081,398.377016,424.814516,450.183468,470.758065,493.201613,511.389113,527.278226,543.590726,556.118952,567.159274,575.862903,583.463710,589.641129,593.181452,596.413306,598.461694,600.229839,601.433468,602.006048,602.616935,602.828629,602.975806,602.993952,602.997984,603.000000,
3, 6,Cr,0.533853,0.343937,0.249834,0.180598,0.136577,0.071167,0.058865,0.085751,0.091204,0.100580,0.090842,0.049518,0.023249,-0.017141,-0.041507,-0.037479,-0.057137,-0.049312,-0.043545,-0.056124,-0.065405,-0.062544,-0.075566,-0.077150,-0.090844,-0.091037,-0.129576,-0.175617,-0.192661,-0.233794,-0.262046,-0.147479,0.071998,0.226533,0.410986,0.572739,0.526024,0.491897,0.141195,-0.266055,-0.082569,-1.000000,
3, 6,Mr,3.134396,8.913440,19.601367,32.193622,51.082005,68.831435,87.753986,111.719818,138.095672,166.373576,191.423690,216.498861,248.088838,275.765376,304.373576,328.537585,354.366743,379.041002,403.938497,427.612756,446.977221,468.029613,485.113895,500.182232,515.555809,527.453303,537.699317,545.881549,553.186788,559.100228,562.480638,565.503417,567.451025,569.150342,570.346241,570.931663,571.571754,571.808656,571.972665,571.993166,571.997722,572.000000,
3, 7,Cr,0.397453,0.234693,0.172865,0.109489,0.081383,0.039646,0.045941,0.053651,0.062862,0.075552,0.060736,0.018791,-0.007929,-0.043718,-0.046902,-0.050082,-0.061961,-0.051959,-0.043596,-0.064143,-0.072505,-0.073104,-0.064905,-0.043503,-0.046531,0.001258,0.036128,0.030664,-0.012606,-0.061986,-0.043817,-0.024470,0.113090,0.141165,0.150466,0.233244,0.158177,0.197363,0.264999,-0.432266,-0.195710,-1.000000,
3, 7,Mr,3.089385,8.829609,19.631285,32.385475,51.645251,69.885475,89.519553,114.262570,141.600559,170.916201,196.701117,222.159218,253.754190,280.938547,308.726257,331.558659,355.662011,378.201117,400.502793,421.094972,437.441341,454.810056,468.678771,480.522346,491.969274,500.522346,507.731844,513.108939,517.391061,520.522346,522.150838,523.519553,524.363128,525.033520,525.444134,525.634078,525.837989,525.918994,525.991620,526.000000,526.000000,526.000000,
3, 8,Cr,0.396522,0.234770,0.171647,0.109301,0.082263,0.040627,0.046892,0.053681,0.062611,0.074499,0.058499,0.016755,-0.010814,-0.044337,-0.046904,-0.050162,-0.060933,-0.052818,-0.044796,-0.063291,-0.072976,-0.071245,-0.063531,-0.041867,-0.044212,0.002334,0.036715,0.029034,-0.011376,-0.059161,-0.037433,-0.020206,0.114699,0.138114,0.147390,0.229947,0.155080,0.194162,0.261617,-0.433784,-0.197861,-1.000000,
3, 8,Mr,3.086835,8.820728,19.596639,32.324930,51.571429,69.809524,89.439776,114.168067,141.490196,170.770308,196.521008,221.943978,253.473389,280.619048,308.372549,331.170868,355.232493,377.703081,399.915966,420.442577,436.705882,454.025210,467.857143,479.663866,491.067227,499.577031,506.736695,512.098039,516.378151,519.509804,521.142857,522.515406,523.358543,524.030812,524.442577,524.633053,524.837535,524.918768,524.991597,525.000000,525.000000,525.000000,
3, 9,Cr,0.394628,0.231443,0.170093,0.109283,0.087390,0.047010,0.047375,0.055395,0.060786,0.071652,0.055772,0.016790,-0.010123,-0.042237,-0.050439,-0.051996,-0.062677,-0.052607,-0.041737,-0.062588,-0.074465,-0.068200,-0.059818,-0.040536,-0.045820,0.001697,0.036539,0.030075,-0.011433,-0.061840,-0.042553,-0.025418,0.108769,0.132060,0.141286,0.223404,0.148936,0.187810,0.254906,-0.436796,-0.202128,-1.000000,
3, 9,Mr,3.081690,8.791549,19.521127,32.197183,51.405634,69.614085,89.194366,113.870423,141.084507,170.233803,195.853521,221.166197,252.580282,279.664789,307.230986,329.898592,353.797183,376.129577,398.267606,418.721127,434.898592,452.163380,465.949296,477.690141,488.985915,497.461972,504.642254,510.030986,514.332394,517.478873,519.121127,520.501408,521.349296,522.025352,522.439437,522.630986,522.836620,522.918310,522.991549,523.000000,523.000000,523.000000,
survive,  30,  19,  19,  15,  12,  11,   8,   7,   7,   7,   6,   5,   5,   5,   3,   3,   3,   3,   3,   3,   3,   3,   3,   2,   2,   2,   2,   2,   2,   2,   2,   2,   1,   1,   1,   1,   1,   1,   1,   1,   1,   1,   1,   1,   1,   1,   1,   1,   1,   1,   1,   1,   1,   1,   1,   1,   1,   1,   1,   1,   1,   1,   1,   1,   1,   1,   1,   1,   1,   1,   1,   1,   1,   1,   1,   1,   1,   1,   1,   1,   1,   1,   1,   1,   1,   1,   1,   1,   1,   1,   1,   1,   1,   1,   1,   1,   1,   1,   1,   1,   1,   1,   1,   1,   1,   1,   1,   1,   1,   1,   1,   1,   1,   1,   1,   1,   1,   1,   1,   1,   1,   1,   1,   1,   1,   1,   1,   1,   1,   1,   1,   1,   1,   1,   1,   1,   1,   1,   1,   1,   1,   1,   1,   1,   1,   1,   1,   1,   1,   1,   1,   1,   1,   1,   1,   1,   1,   1,   1,   1,   1,   1,   1,   1,   1,   1,   1,   1,   1,   1,   1,   1,   1,   1,   1,   1,   1,   1,   1,   1,   1,   1,   1,   1,   1,   1,   1,   1,   1,   1,   1,   1,   1,   1,   1,   1,   1,   1,   1,   1,   1,   1,   1,   1,   1,   1,   1,   1,   1,   1,   1,   1,   1,   1,   1,   1,   1,   1,   1,   1,   1,   1,   1,   1,   1,   1,   1,   1,   1,   1,   1,   1,   1,   1,   1,   1,   1,   1,   1,   1,   1,   1,   1,   1,   1,   1,   1,   1,   1,   1,   1,   1,   1,   1,   1,   1,   1,   1,   1,   1,   1,   1,   1,   1,   1,   1,   1,   1,   1,   1,   1,   1,   1,   1,   1,   1,   1,   1,   1,   1,   1,   1,   1,   1,   1,   1,   1,   1,   1,   1,   1,   1,   1,   1,   1,   1,   1,   1,   1,   1,   1,   1,   1,   1,   1,   1,   1,   1,   1,   1,   1,   1,   1,   1,   1,   1,   1,   1,   1,   1,   1,   1,   1,   1,   1,   1,   1,   1,   1,   1,   1,   1,   1,   1,   1,   1,   1,   1,   1,   1,   1,   1,   1,   1,   1,   1,   1,   1,   1,   1,   1,   1,   1,   1,   1,   0,   0,   0,   0,   0,   0,   0,   0,   0,   0,   0,   0,   0,   0,   0,   0,   0,   0,   0,   0,   0,   0,   0,   0,   0,   0,   0,   0,   0,   0,   0,   0,   0,   0,   0,   0,   0,   0,   0,   0,   0,   0,   0,   0,   0,   0,   0,   0,   0,   0,   0,   0,   0,   0,   0,   0,   0,   0,   0,   0,   0,   0,   0,   0,   0,   0,   0,   0,   0,   0,   0,   0,   0,   0,   0,   0,   0,   0,   0,   0,   0,   0,   0,   0,   0,   0,   0,   0,   0,   0,   0,   0,   0,   0,   0,   0,   0,   0,   0,   0,   0,   0,   0,   0,   0,   0,   0,   0,   0,   0,   0,   0,   0,   0,   0,   0,   0,   0,   0,   0,   0,   0,   0,   0,   0,   0,   0,   0,   0,   0,   0,   0,   0,   0,   0,   0,   0,   0,   0,   0,   0,   0,   0,   0,   0,   0,   0,   0,   0,   0,   0,   0,   0,   0,   0,   0,   0,   0,   0,   0,   0,   0,   0,   0,   0,   0,   0,   0,   0,   0,   0,   0,   0,   0,   0,   0,   0,   0,   0,   0,   0,   0,   0,   0,   0,   0,   0,   0,   0,   0,   0,   0,   0,   0,   0,   0,   0,   0,   0,   0,   0,   0,   0,   0,   0,   0,   0,   0,   0,   0,   0,   0,   0,   0,   0,   0,   0,   0,   0,   0,   0,   0,   0,   0,   0,   0,   0,   0,   0,   0,   0,   0,   0,   0,   0,   0,   0,   0,   0,   0,   0,   0,   0,   0,   0,   0,   0,   0,   0,   0,   0,   0,   0,   0,   0,   0,   0,   0,   0,   0,   0,   0,   0,   0,   0,   0,   0,   0,   0,   0,   0,   0,   0,   0,   0,   0,   0,   0,   0,   0,   0,   0,   0,   0,   0,   0,   0,   0,   0,   0,   0,   0,   0,   0,   0,   0,   0,   0,   0,   0,   0,   0,   0,   0,   0,   0,   0,   0,   0,   0,   0,   0,   0,   0,   0,   0,   0,   0,   0,   0,   0,   0,   0,   0,   0,   0,   0,   0,   0,   0,   0,   0,   0,   0,   0,   0,   0,   0,   0,   0,   0,   0,   0,   0,   0,   0,   0,   0,   0,   0,   0,   0,   0,   0,   0,   0,   0,   0,   0,   0,   0,   0,   0,   0,   0,   0,   0,   0,   0,   0,   0,   0,   0,   0,   0,   0,   0,   0,   0,   0,   0,   0,   0,   0,   0,   0,   0,   0,   0,   0,   0,   0,   0,   0,   0,   0,   0,   0,   0,   0,   0,   0,   0,   0,   0,   0,   0,   0,   0,   0,   0,   0,   0,   0,   0,   0,   0,   0,   0,   0,   0,   0,   0,   0,   0,   0,   0,   0,   0,   0,   0,   0,   0,   0,   0,   0,   0,   0,   0,   0,   0,   0,   0,   0,   0,   0,   0,   0,   0,   0,   0,   0,   0,   0,   0,   0,   0,   0,   0,   0,   0,   0,   0,   0,   0,   0,   0,   0,   0,   0,   0,   0,   0,   0,   0,   0,   0,   0,   0,   0,   0,   0,   0,   0,   0,   0,   0,   0,   0,   0,   0,   0,   0,   0,   0,   0,   0,   0,   0,   0,   0,   0,   0,   0,   0,   0,   0,   0,   0,   0,   0,   0,   0,   0,   0,   0,   0,   0,   0,   0,   0,   0,   0,   0,   0,   0,   0,   0,   0,   0,   0,   0,   0,   0,   0,   0,   0,   0,   0,   0,   0,   0,   0,   0,   0,
failure,  38,  17,  10,   9,   8,   7,   7,   7,   7,   7,   7,   7,   6,   6,   5,   5,   5,   5,   5,   4,   4,   4,   4,   4,   4,   4,   4,   4,   3,   3,   3,   3,   3,   3,   3,   3,   3,   3,   3,   3,   3,   2,   2,   2,   2,   2,   2,   2,   2,   2,   2,   2,   2,   2,   2,   2,   2,   2,   2,   2,   2,   2,   2,   2,   2,   2,   2,   2,   2,   2,   2,   2,   2,   2,   2,   2,   2,   2,   2,   2,   2,   2,   2,   2,   2,   2,   2,   2,   2,   2,   2,   1,   1,   1,   1,   1,   1,   1,   1,   1,   1,   1,   1,   1,   1,   1,   1,   1,   1,   1,   1,   1,   1,   1,   1,   1,   1,   1,   1,   1,   1,   1,   1,   1,   0,   0,   0,   0,   0,   0,   0,   0,   0,   0,   0,   0,   0,   0,   0,   0,   0,   0,   0,   0,   0,   0,   0,   0,   0,   0,   0,   0,   0,   0,   0,   0,   0,   0,   0,   0,   0,   0,   0,   0,   0,   0,   0,   0,   0,   0,   0,   0,   0,   0,   0,   0,   0,   0,   0,   0,   0,   0,   0,   0,   0,   0,   0,   0,   0,   0,   0,   0,   0,   0,   0,   0,   0,   0,   0,   0,   0,   0,   0,   0,   0,   0,   0,   0,   0,   0,   0,   0,   0,   0,   0,   0,   0,   0,   0,   0,   0,   0,   0,   0,   0,   0,   0,   0,   0,   0,   0,   0,   0,   0,   0,   0,   0,   0,   0,   0,   0,   0,   0,   0,   0,   0,   0,   0,   0,   0,   0,   0,   0,   0,   0,   0,   0,   0,   0,   0,   0,   0,   0,   0,   0,   0,   0,   0,   0,   0,   0,   0,   0,   0,   0,   0,   0,   0,   0,   0,   0,   0,   0,   0,   0,   0,   0,   0,   0,   0,   0,   0,   0,   0,   0,   0,   0,   0,   0,   0,   0,   0,   0,   0,   0,   0,   0,   0,   0,   0,   0,   0,   0,   0,   0,   0,   0,   0,   0,   0,   0,   0,   0,   0,   0,   0,   0,   0,   0,   0,   0,   0,   0,   0,   0,   0,   0,   0,   0,   0,   0,   0,   0,   0,   0,   0,   0,   0,   0,   0,   0,   0,   0,   0,   0,   0,   0,   0,   0,   0,   0,   0,   0,   0,   0,   0,   0,   0,   0,   0,   0,   0,   0,   0,   0,   0,   0,   0,   0,   0,   0,   0,   0,   0,   0,   0,   0,   0,   0,   0,   0,   0,   0,   0,   0,   0,   0,   0,   0,   0,   0,   0,   0,   0,   0,   0,   0,   0,   0,   0,   0,   0,   0,   0,   0,   0,   0,   0,   0,   0,   0,   0,   0,   0,   0,   0,   0,   0,   0,   0,   0,   0,   0,   0,   0,   0,   0,   0,   0,   0,   0,   0,   0,   0,   0,   0,   0,   0,   0,   0,   0,   0,   0,   0,   0,   0,   0,   0,   0,   0,   0,   0,   0,   0,   0,   0,   0,   0,   0,   0,   0,   0,   0,   0,   0,   0,   0,   0,   0,   0,   0,   0,   0,   0,   0,   0,   0,   0,   0,   0,   0,   0,   0,   0,   0,   0,   0,   0,   0,   0,   0,   0,   0,   0,   0,   0,   0,   0,   0,   0,   0,   0,   0,   0,   0,   0,   0,   0,   0,   0,   0,   0,   0,   0,   0,   0,   0,   0,   0,   0,   0,   0,   0,   0,   0,   0,   0,   0,   0,   0,   0,   0,   0,   0,   0,   0,   0,   0,   0,   0,   0,   0,   0,   0,   0,   0,   0,   0,   0,   0,   0,   0,   0,   0,   0,   0,   0,   0,   0,   0,   0,   0,   0,   0,   0,   0,   0,   0,   0,   0,   0,   0,   0,   0,   0,   0,   0,   0,   0,   0,   0,   0,   0,   0,   0,   0,   0,   0,   0,   0,   0,   0,   0,   0,   0,   0,   0,   0,   0,   0,   0,   0,   0,   0,   0,   0,   0,   0,   0,   0,   0,   0,   0,   0,   0,   0,   0,   0,   0,   0,   0,   0,   0,   0,   0,   0,   0,   0,   0,   0,   0,   0,   0,   0,   0,   0,   0,   0,   0,   0,   0,   0,   0,   0,   0,   0,   0,   0,   0,   0,   0,   0,   0,   0,   0,   0,   0,   0,   0,   0,   0,   0,   0,   0,   0,   0,   0,   0,   0,   0,   0,   0,   0,   0,   0,   0,   0,   0,   0,   0,   0,   0,   0,   0,   0,   0,   0,   0,   0,   0,   0,   0,   0,   0,   0,   0,   0,   0,   0,   0,   0,   0,   0,   0,   0,   0,   0,   0,   0,   0,   0,   0,   0,   0,   0,   0,   0,   0,   0,   0,   0,   0,   0,   0,   0,   0,   0,   0,   0,   0,   0,   0,   0,   0,   0,   0,   0,   0,   0,   0,   0,   0,   0,   0,   0,   0,   0,   0,   0,   0,   0,   0,   0,   0,   0,   0,   0,   0,   0,   0,   0,   0,   0,   0,   0,   0,   0,   0,   0,   0,   0,   0,   0,   0,   0,   0,   0,   0,   0,   0,   0,   0,   0,   0,   0,   0,   0,   0,   0,   0,   0,   0,   0,   0,   0,   0,   0,   0,   0,   0,   0,   0,   0,   0,   0,   0,   0,   0,   0,   0,   0,   0,   0,   0,   0,   0,   0,   0,   0,   0,   0,   0,   0,   0,   0,   0,   0,   0,   0,   0,   0,   0,   0,   0,   0,   0,   0,   0,   0,   0,   0,   0,   0,   0,   0,   0,   0,   0,   0,   0,   0,   0,   0,   0,   0,   0,   0,   0,   0,   0,   0,   0,   0,   0,   0,   0,   0,   0,   0,   0,   0,   0,   0,   0,   0,   0,   0,   0,   0,   0,   0,   0,   0,   0,   0,   0,   0,   0,   0,   0,
