m,0,1,2,3,4,5,6,7,8,9
m,5,6,3,7,5,7,9,5,11,8
1,1,1,1,1,1,1,1,1,1,1
3.92,0.114286,0.065714,0.06,0.348571,0.071429,0.142857,0.188571,0.134286,0.257143,0.117143
1.707046,-0.802504,-0.878523,-0.888154,-0.577097,-0.870008,-0.767996,-0.732998,-0.778903,-0.654934,-0.806217
11.6016,1.707649,1.706781,1.706671,1.707324,1.706781,1.706667,1.707324,1.707761,1.70656,1.706889
2.490568,0.485714,0.268571,0.268571,1.297143,0.3,0.582857,0.765714,0.551429,0.994286,0.488571
22.888,-0.677824,-0.813545,-0.804759,-0.419099,-0.785667,-0.634434,-0.581586,-0.64692,-0.50776,-0.680751
3.287964,2.489816,2.489361,2.49039,2.491929,2.489812,2.491692,2.489494,2.490583,2.490127,2.49026
37.624,0.971429,0.582857,0.522857,2.565714,0.557143,1.077143,1.482857,0.994286,2.048571,0.931429
4.090968,-0.715985,-0.799443,-0.836978,-0.469859,-0.836272,-0.709603,-0.643604,-0.748998,-0.516785,-0.742427
55.656,3.286773,3.286565,3.289437,3.289112,3.287776,3.291057,3.286996,3.287457,3.288475,3.288156
4.896685,1.594286,0.94,0.84,4.385714,0.88,1.751429,2.594286,1.617143,3.417143,1.548571
76.832,-0.719401,-0.827341,-0.846474,-0.428887,-0.840179,-0.698124,-0.577254,-0.72882,-0.525181,-0.725397
5.703878,4.090379,4.090768,4.092947,4.091037,4.091272,4.094336,4.088996,4.091021,4.091965,4.091565
101.0016,2.302857,1.411429,1.254286,6.522857,1.288571,2.668571,3.874286,2.38,5.06,2.26
6.511918,-0.74029,-0.812659,-0.837586,-0.450936,-0.836178,-0.672428,-0.606379,-0.728729,-0.537443,-0.740692
128.016,4.896652,4.898433,4.89726,4.894,4.897755,4.899296,4.894594,4.896429,4.898619,4.89704
7.320442,3.114286,1.917143,1.774286,9.002857,1.7,3.671429,5.542857,3.16,7.008571,3.148571
157.728,-0.744252,-0.828918,-0.826413,-0.450152,-0.860337,-0.691797,-0.5541,-0.763742,-0.523068,-0.721372
8.129218,5.704183,5.706426,5.703563,5.700295,5.705253,5.704776,5.702367,5.703352,5.706316,5.704536
189.992,3.997143,2.431429,2.368571,11.737143,2.217143,4.782857,7.26,4.077143,9.26,4.091429
8.938082,-0.758976,-0.848416,-0.824549,-0.474643,-0.844204,-0.700841,-0.60606,-0.757195,-0.518177,-0.74454
224.664,6.513207,6.514939,6.510745,6.508639,6.514419,6.512802,6.510949,6.512315,6.514021,6.513195
9.746914,4.971429,3.045714,2.977143,14.717143,2.765714,6.08,9.334286,5.077143,11.74,5.1
261.6016,-0.761614,-0.839045,-0.840898,-0.487395,-0.854609,-0.685449,-0.568064,-0.762876,-0.528094,-0.750238
10.555613,7.321927,7.322654,7.31756,7.318066,7.32282,7.322686,7.319486,7.322276,7.320687,7.321695
300.664,6.16,3.682857,3.645714,18.128571,3.345714,7.417143,11.645714,6.157143,14.514286,6.234286
11.364092,-0.736985,-0.846006,-0.841025,-0.466994,-0.859971,-0.709386,-0.566991,-0.76789,-0.510484,-0.747674
341.712,8.130651,8.130347,8.124252,8.128826,8.12979,8.134253,8.130046,8.13052,8.128666,8.129182
12.17227,7.391429,4.374286,4.368571,21.825714,4.1,8.971429,14.242857,7.374286,17.448571,7.422857
384.608,-0.748935,-0.84639,-0.840948,-0.470018,-0.831812,-0.685201,-0.544674,-0.76084,-0.52698,-0.75944
12.980071,8.940614,8.937782,8.929826,8.93905,8.938116,8.94544,8.941244,8.938677,8.938587,8.93766
429.216,8.657143,5.128571,5.105714,25.834286,4.845714,10.605714,16.928571,8.677143,20.6,8.82
13.787418,-0.759927,-0.84415,-0.848843,-0.467133,-0.846129,-0.696409,-0.57035,-0.758971,-0.52553,-0.735011
475.4016,9.750109,9.745935,9.73514,9.74659,9.747145,9.754603,9.751676,9.747692,9.749484,9.74603
14.594231,10.154286,5.94,5.951429,30.114286,5.642857,12.245714,19.802857,10.06,23.994286,10.131429
523.032,-0.733402,-0.842642,-0.836188,-0.468479,-0.844321,-0.712768,-0.558858,-0.76098,-0.52146,-0.767457
15.400429,10.558666,10.555365,10.541454,10.554516,10.555962,10.561913,10.562108,10.556886,10.561017,10.554624
571.976,11.571429,6.854286,6.9,34.862857,6.431429,13.974286,22.851429,11.628571,27.711429,11.568571
16.205924,-0.762393,-0.832729,-0.826881,-0.440471,-0.854953,-0.714241,-0.56095,-0.742731,-0.506085,-0.758909
622.104,11.36589,11.365913,11.349081,11.363529,11.363437,11.367873,11.372491,11.363707,11.374128,11.362853
17.010622,13.271429,7.911429,8.008571,39.828571,7.362857,15.982857,26,13.102857,31.58,13.228571
673.288,-0.729338,-0.815899,-0.805895,-0.44421,-0.837159,-0.682719,-0.566754,-0.770302,-0.513486,-0.734124
17.814422,12.174526,12.176048,12.157058,12.173052,12.169622,12.173325,12.181598,12.169225,12.187786,12.171675
725.4016,14.954286,9.04,9.065714,44.988571,8.371429,17.951429,29.197143,14.728571,35.668571,14.948571
18.617212,-0.74307,-0.809613,-0.824635,-0.4477,-0.830516,-0.705112,-0.581837,-0.757533,-0.505523,-0.735001
778.32,12.983547,12.985337,12.965392,12.982441,12.976592,12.979012,12.989203,12.974725,13.000615,12.981559
19.418873,16.657143,10.228571,10.214286,50.222857,9.388571,19.908571,32.605714,16.374286,39.931429,16.765714
831.92,-0.749851,-0.809747,-0.815572,-0.461488,-0.83642,-0.717555,-0.570223,-0.762328,-0.50291,-0.734215
20.219269,13.790377,13.795141,13.774002,13.790506,13.783002,13.78481,13.796301,13.780678,13.811163,13.789864
886.08,18.434286,11.371429,11.417143,55.968571,10.408571,21.954286,36.217143,18.142857,44.297143,18.597143
21.018253,-0.749793,-0.824035,-0.813159,-0.426539,-0.842273,-0.716279,-0.563604,-0.753132,-0.516838,-0.740485
940.68,14.593588,14.606469,14.583813,14.594925,14.58785,14.591245,14.60114,14.589308,14.620053,14.595945
21.81566,20.305714,12.64,12.614286,61.565714,11.505714,24.02,39.862857,19.894286,48.725714,20.511429
995.6016,-0.745616,-0.809787,-0.819371,-0.460828,-0.834713,-0.720083,-0.564723,-0.762289,-0.51936,-0.735536
22.611307,15.394987,15.417172,15.392307,15.39656,15.393006,15.397039,15.404605,15.398575,15.427281,15.40123
1050.728,22.137143,13.874286,13.965714,67.422857,12.582857,26.271429,43.494286,21.822857,53.414286,22.514286
23.40499,-0.756033,-0.821597,-0.801715,-0.447877,-0.841405,-0.704374,-0.584856,-0.747392,-0.506281,-0.730922
1105.944,16.196458,16.224795,16.200402,16.198418,16.196648,16.20149,16.208034,16.205525,16.232342,16.207733
24.196478,23.965714,15.191429,15.248571,73.351429,13.657143,28.588571,47.211429,23.657143,58.128571,24.654286
1161.136,-0.761034,-0.814861,-0.815816,-0.459845,-0.846437,-0.701615,-0.58034,-0.764238,-0.518395,-0.72052
24.985512,16.997701,17.028873,17.009052,16.99991,16.99907,17.004222,17.011458,17.012582,17.034857,17.012893
1216.192,25.894286,16.514286,16.554286,79.422857,14.782857,30.82,51.08,25.617143,62.94,26.768571
25.7718,-0.757194,-0.817997,-0.816114,-0.461015,-0.842167,-0.720535,-0.573923,-0.751665,-0.517604,-0.729634
1271.0016,17.797034,17.827806,17.816026,17.798681,17.803196,17.806272,17.812616,17.819182,17.834949,17.815847
26.555009,27.891429,17.905714,17.88,85.617143,15.868571,33.131429,54.957143,27.668571,67.794286,28.725714
1325.456,-0.752252,-0.810671,-0.817078,-0.455333,-0.850134,-0.715449,-0.583197,-0.745644,-0.522429,-0.755135
27.334762,18.59578,18.624617,18.621192,18.595192,18.60924,18.60867,18.613476,18.623958,18.633828,18.617504
1379.448,29.937143,19.242857,19.337143,91.851429,17.011429,35.614286,58.74,29.822857,72.66,30.808571
28.110625,-0.748137,-0.821192,-0.801203,-0.457976,-0.845415,-0.699035,-0.599551,-0.736911,-0.530288,-0.739637
1432.872,19.392686,19.420951,19.423789,19.391851,19.412921,19.409794,19.415333,19.427839,19.430093,19.418997
28.882102,31.934286,20.634286,20.562857,98.08,18.271429,37.862857,62.748571,32.002857,77.751429,32.894286
1485.624,-0.755746,-0.814946,-0.83513,-0.465756,-0.833219,-0.728928,-0.577748,-0.737505,-0.514422,-0.743261
29.648619,20.187071,20.217057,20.226077,20.187492,20.211946,20.209261,20.216415,20.230276,20.224797,20.220427
1537.6016,34.111429,21.962857,21.9,104.182857,19.528571,40.28,66.485714,34.297143,82.854286,35.011429
30.409511,-0.737294,-0.825177,-0.822288,-0.484871,-0.834671,-0.714491,-0.613545,-0.726941,-0.514052,-0.74372
1588.704,20.980846,21.012294,21.029477,20.980627,21.006695,21.005433,21.017068,21.030466,21.018561,21.019005
31.164003,36.154286,23.197143,23.231429,110.397143,20.608571,42.665714,70.365714,36.46,88.037143,37.171429
1638.832,-0.756189,-0.840349,-0.824483,-0.474243,-0.85892,-0.720709,-0.600046,-0.743646,-0.514788,-0.742276
31.911184,21.77161,21.807474,21.831055,21.773507,21.796947,21.799918,21.817456,21.830809,21.809766,21.817752
1687.888,38.165714,24.528571,24.645714,116.628571,21.788571,45.074286,74.462857,38.694286,93.282857,39.34
32.649979,-0.761861,-0.827898,-0.815274,-0.475301,-0.845059,-0.717606,-0.581822,-0.738866,-0.509588,-0.738839
1735.776,22.560003,22.601303,22.629059,22.565565,22.585677,22.593048,22.617562,22.629013,22.598579,22.614842
33.379113,40.214286,25.965714,26.068571,122.937143,23.045714,47.505714,78.382857,40.834286,98.611429,41.494286
1782.4016,-0.756705,-0.815497,-0.814625,-0.474833,-0.835789,-0.716881,-0.600698,-0.75102,-0.502565,-0.742942
34.097055,23.346262,23.390279,23.423655,23.353584,23.376256,23.385434,23.414592,23.423741,23.385524,23.409342
1827.672,42.468571,27.368571,27.465714,129.405714,24.2,49.871429,82.425714,43.042857,103.788571,43.694286
34.801957,-0.731878,-0.819824,-0.818183,-0.462903,-0.850318,-0.723951,-0.589323,-0.743291,-0.518565,-0.737106
1871.496,24.130437,24.17382,24.216016,24.137389,24.167324,24.176586,24.2081,24.217511,24.168931,24.200184
35.491568,44.525714,28.602857,28.762857,135.745714,25.374286,52.44,86.488571,45.205714,109.025714,45.857143
1913.784,-0.756119,-0.84118,-0.830891,-0.471066,-0.846594,-0.700389,-0.587688,-0.748041,-0.513893,-0.743099
36.163116,24.912764,24.951708,25.007858,24.920512,24.955217,24.963969,24.998842,25.008816,24.948028,24.989176
1954.448,46.62,29.96,30.031429,142.037143,26.537143,54.888571,90.331429,47.428571,114.16,48.008571
36.813149,-0.750716,-0.824531,-0.834736,-0.471913,-0.847941,-0.71509,-0.608957,-0.741771,-0.520615,-0.743361
1993.4016,25.693081,25.727316,25.796602,25.701782,25.740835,25.748104,25.787026,25.795239,25.725204,25.777136
37.437314,48.682857,31.217143,31.271429,148.068571,27.705714,57.457143,94.228571,49.508571,119.12,50.171429
2030.56,-0.752125,-0.836705,-0.837003,-0.493857,-0.845677,-0.697509,-0.602907,-0.758235,-0.534267,-0.739066
38.030048,26.468015,26.50376,26.582869,26.47519,26.523045,26.530201,26.569762,26.580739,26.500457,26.560884
2065.84,50.642857,32.42,32.562857,154.134286,28.731429,59.868571,98.202857,51.8,124.214286,52.268571
38.584118,-0.762827,-0.841719,-0.830212,-0.481984,-0.864584,-0.715946,-0.590901,-0.728608,-0.521279,-0.747472
2099.16,27.236902,27.283306,27.367534,27.242298,27.300914,27.310804,27.347239,27.366832,27.273045,27.337927
39.120338,52.514286,33.62,33.842857,159.937143,29.862857,62.351429,101.934286,53.942857,129.12,54.34
2130.52,-0.77205,-0.840267,-0.829694,-0.498626,-0.849453,-0.701872,-0.613497,-0.746017,-0.529634,-0.748931
39.663322,28.00116,28.06268,28.149516,28.006581,28.074636,28.087562,28.120524,28.147859,28.043571,28.11134
2159.9984,54.262857,34.882857,34.997143,165.72,30.994286,64.722857,105.728571,56.211429,134,56.311429
40.212868,-0.783394,-0.830356,-0.84495,-0.49393,-0.846657,-0.715746,-0.600295,-0.728675,-0.528112,-0.757842
2187.672,28.764869,28.837924,28.9258,28.769708,28.846455,28.860449,28.888038,28.923997,28.815016,28.883694
40.76878,55.994286,36.102857,36.174286,171.382857,32.062857,67.005714,109.385714,58.514286,138.728571,58.228571
2213.616,-0.781987,-0.833923,-0.84011,-0.496622,-0.853179,-0.721499,-0.613368,-0.721876,-0.536805,-0.760337
41.330865,29.526757,29.608348,29.697621,29.531375,29.609821,29.627387,29.650429,29.690975,29.586511,29.652541
2237.904,57.754286,37.194286,37.38,177.108571,33.228571,69.351429,113.028571,60.774286,143.194286,60.131429
41.898936,-0.77488,-0.849847,-0.832995,-0.487042,-0.836663,-0.706886,-0.609055,-0.724159,-0.555958,-0.759674
2260.608,30.282537,30.376694,30.463314,30.291821,30.365463,30.386653,30.411467,30.450034,30.356846,30.415879
42.47281,59.565714,38.337143,38.402857,182.648571,34.265714,71.528571,116.554286,62.997143,147.571429,61.974286
2281.7984,-0.764026,-0.840237,-0.858068,-0.490262,-0.852394,-0.726111,-0.611532,-0.722348,-0.55604,-0.762063
43.052306,31.031474,31.142137,31.219855,31.045113,31.116179,31.137896,31.167144,31.203642,31.124058,31.171869
2301.544,61.248571,39.468571,39.46,187.96,35.28,73.62,119.934286,65.171429,151.897143,63.697143
43.637251,-0.774885,-0.837654,-0.849174,-0.502696,-0.852942,-0.729746,-0.622365,-0.724841,-0.555826,-0.774745
2319.912,31.776653,31.896258,31.96205,31.786834,31.862585,31.881685,31.914931,31.951958,31.888474,31.923222
44.227475,62.902857,40.56,40.451429,192.9,36.231429,75.671429,123.102857,67.311429,156.111429,65.482857
2336.968,-0.773787,-0.840183,-0.85487,-0.524162,-0.859011,-0.729572,-0.635301,-0.723298,-0.55962,-0.76094
44.822812,32.516653,32.63901,32.689683,32.524399,32.603476,32.621174,32.658341,32.69085,32.649539,32.666201
2352.776,64.671429,41.571429,41.508571,197.702857,37.14,77.534286,126.228571,69.391429,160.225714,67.26
45.4231,-0.752334,-0.849634,-0.841656,-0.522595,-0.861815,-0.748907,-0.633974,-0.724708,-0.559114,-0.75678
2367.3984,33.247293,33.368377,33.404506,33.258059,33.327621,33.359087,33.393188,33.417135,33.397238,33.395188
46.028183,66.242857,42.542857,42.434286,202.302857,38.082857,79.368571,129.148571,71.422857,164.24,68.98
2380.896,-0.772808,-0.850075,-0.857631,-0.527362,-0.853109,-0.745511,-0.651147,-0.723172,-0.563679,-0.758183
46.637908,33.966048,34.086325,34.104474,33.981267,34.040888,34.093037,34.113597,34.137617,34.127374,34.113295
2393.328,67.751429,43.54,43.411429,206.722857,39.045714,81.145714,132.057143,73.474286,168.14,70.571429
47.252126,-0.773647,-0.841861,-0.844988,-0.534541,-0.844681,-0.746443,-0.640617,-0.713566,-0.555172,-0.769025
2404.752,34.674593,34.793436,34.792901,34.697585,34.743182,34.810799,34.819104,34.8475,34.841728,34.819941
47.870694,69.154286,44.511429,44.282857,211.14,39.851429,82.8,134.871429,75.451429,171.84,72.06
2415.224,-0.782567,-0.841952,-0.856215,-0.516465,-0.865093,-0.756783,-0.639367,-0.713711,-0.566448,-0.7783
48.493471,35.371066,35.490331,35.464502,35.394127,35.432925,35.509275,35.514209,35.538664,35.540409,35.510923
2424.7984,70.574286,45.394286,44.991429,215.345714,40.597143,84.342857,137.542857,77.357143,175.251429,73.56
49.120323,-0.771695,-0.850478,-0.879117,-0.525711,-0.870406,-0.76339,-0.64743,-0.714354,-0.586543,-0.767426
2433.528,36.05147,36.17428,36.115345,36.062701,36.108976,36.186655,36.185955,36.212821,36.224002,36.184866
49.751116,71.917143,46.32,45.791429,219.337143,41.422857,85.802857,140.025714,79.16,178.571429,74.914286
2441.464,-0.776284,-0.83655,-0.85856,-0.529568,-0.850762,-0.769486,-0.659383,-0.717369,-0.5808,-0.78076
50.385725,36.712129,36.834694,36.754691,36.708437,36.764317,36.848787,36.83224,36.864413,36.88778,36.838178
2448.656,73.082857,47.197143,46.588571,223.297143,42.16,87.188571,142.471429,80.871429,181.64,76.228571
51.024025,-0.796314,-0.838521,-0.852486,-0.514605,-0.862488,-0.770411,-0.65075,-0.720444,-0.59688,-0.77654
2455.152,37.343294,37.460225,37.378032,37.337619,37.392723,37.49566,37.450466,37.485336,37.524392,37.466467
51.665896,74.094286,47.931429,47.26,226.9,42.814286,88.405714,144.708571,82.442857,184.657143,77.431429
2460.9984,-0.813931,-0.860113,-0.868722,-0.535035,-0.870105,-0.790225,-0.663375,-0.731451,-0.586199,-0.785612
52.311223,37.944459,38.049107,37.966913,37.942778,37.986742,38.106802,38.035569,38.076127,38.123155,38.062127
2466.24,75.111429,48.642857,47.905714,230.3,43.434286,89.505714,146.911429,83.98,187.474286,78.582857
52.959893,-0.802683,-0.855368,-0.86749,-0.531492,-0.871143,-0.798331,-0.652953,-0.721915,-0.598426,-0.785911
2470.92,38.511106,38.603524,38.514356,38.509409,38.543405,38.665995,38.588426,38.62915,38.678809,38.615992
53.611798,76.025714,49.354286,48.494286,233.5,44.042857,90.68,148.991429,85.411429,190.088571,79.671429
2475.08,-0.811801,-0.846221,-0.871943,-0.532431,-0.86662,-0.774928,-0.648367,-0.727666,-0.602131,-0.785375
54.266833,39.062088,39.141829,39.046206,39.056743,39.082229,39.201939,39.12551,39.164271,39.215365,39.149351
2478.76,76.897143,50,49.04,236.502857,44.657143,91.72,150.9,86.808571,192.54,80.711429
54.924897,-0.809532,-0.85194,-0.874533,-0.53676,-0.856026,-0.787696,-0.659455,-0.719364,-0.60675,-0.781819
2481.9984,39.617005,39.689059,39.583493,39.608882,39.627078,39.74284,39.668955,39.705158,39.759744,39.686101
55.585891,77.754286,50.605714,49.545714,239.405714,45.188571,92.622857,152.64,88.082857,194.814286,81.697143
2484.832,-0.801,-0.853816,-0.876613,-0.521254,-0.866282,-0.80395,-0.672696,-0.72708,-0.611931,-0.779232
56.24972,40.177537,40.244142,40.126334,40.164463,40.179861,40.28943,40.217255,40.252864,40.310693,40.230318
2487.296,78.52,51.205714,50.06,242.265714,45.714286,93.574286,154.302857,89.285714,196.914286,82.625714
56.916294,-0.810736,-0.846875,-0.864697,-0.499956,-0.860038,-0.776479,-0.666997,-0.724489,-0.618422,-0.779822
2489.424,40.746025,40.803742,40.678784,40.725488,40.74004,40.843342,40.772998,40.806073,40.866116,40.78219
57.585523,79.274286,51.677143,50.471429,244.842857,46.142857,94.354286,155.831429,90.425714,198.925714,83.445714
2491.248,-0.800468,-0.870742,-0.88471,-0.516001,-0.879131,-0.807158,-0.670699,-0.720832,-0.60733,-0.792301
58.257323,41.320275,41.364961,41.239314,41.290275,41.303709,41.404078,41.335287,41.362486,41.426518,41.339208
2492.7984,79.914286,52.151429,50.885714,247.331429,46.58,95.08,157.282857,91.437143,200.717143,84.2
58.93161,-0.818682,-0.860722,-0.876065,-0.50135,-0.867057,-0.809329,-0.665246,-0.734717,-0.62867,-0.7958
2494.104,41.897539,41.928712,41.806853,41.858612,41.876125,41.969551,41.902012,41.926031,41.993694,41.905983
59.608306,80.52,52.594286,51.274286,249.537143,47.051429,95.717143,158.565714,92.465714,202.288571,84.922857
2495.192,-0.816203,-0.861313,-0.875849,-0.526678,-0.84658,-0.821038,-0.684066,-0.711994,-0.649965,-0.790158
60.287334,42.48342,42.500311,42.382033,42.429833,42.457187,42.543015,42.480802,42.494194,42.56359,42.478991
2496.088,81.042857,53.008571,51.628571,251.474286,47.431429,96.362857,159.697143,93.422857,203.754286,85.557143
60.968619,-0.830066,-0.860616,-0.877707,-0.548301,-0.867268,-0.80315,-0.704332,-0.713561,-0.644578,-0.806783
2496.816,43.073078,43.079402,42.963384,43.009601,43.042921,43.116705,43.063763,43.065884,43.138007,43.056215
61.65209,81.554286,53.385714,51.96,253.208571,47.74,96.98,160.748571,94.354286,205.16,86.194286
2497.3984,-0.81933,-0.862969,-0.878492,-0.564164,-0.8851,-0.800752,-0.701903,-0.701515,-0.642323,-0.791817
62.337678,43.663681,43.667067,43.549696,43.593774,43.632582,43.696942,43.651294,43.643267,43.717368,43.63922
2497.856,81.965714,53.754286,52.297143,254.797143,48.06,97.5,161.66,95.265714,206.477143,86.797143
63.025317,-0.844146,-0.856996,-0.867372,-0.56879,-0.872044,-0.81882,-0.721696,-0.684474,-0.634156,-0.787405
2498.208,44.260478,44.261132,44.143837,44.183645,44.22444,44.284319,44.242097,44.225614,44.300028,44.224983
63.714942,82.322857,54.068571,52.585714,256.305714,48.385714,98,162.554286,96.12,207.654286,87.337143
2498.472,-0.8533,-0.867592,-0.877321,-0.554645,-0.859151,-0.814504,-0.705245,-0.686597,-0.651996,-0.796219
64.406492,44.859855,44.859758,44.744102,44.780063,44.824653,44.874372,44.835998,44.817222,44.889811,44.8161
2498.664,82.714286,54.414286,52.851429,257.762857,48.625714,98.471429,163.311429,96.845714,208.834286,87.845714
65.099906,-0.826497,-0.842533,-0.878759,-0.534708,-0.887885,-0.809754,-0.73165,-0.711592,-0.624151,-0.790552
2498.7984,45.465011,45.457095,45.346748,45.383732,45.427528,45.469887,45.432491,45.412156,45.487926,45.413605
65.795128,83.048571,54.757143,53.068571,258.957143,48.837143,98.877143,163.991429,97.502857,209.802857,88.265714
2498.888,-0.839289,-0.831404,-0.8946,-0.594499,-0.892234,-0.825234,-0.73679,-0.72066,-0.665763,-0.816912
66.492101,46.072536,46.060396,45.952978,45.992864,46.035806,46.071036,46.03112,46.009425,46.091908,46.016058
2498.944,83.311429,55.085714,53.294286,260.117143,49.068571,99.268571,164.608571,98.14,210.685714,88.66
67.190772,-0.862129,-0.82554,-0.879174,-0.572738,-0.874319,-0.815724,-0.743865,-0.703897,-0.669953,-0.812432
2498.976,46.684179,46.669139,46.563228,46.607572,46.646828,46.678166,46.638371,46.612208,46.698154,46.623769
67.891089,83.56,55.36,53.52,261.205714,49.24,99.645714,165.134286,98.768571,211.422857,89.111429
2498.992,-0.858236,-0.842416,-0.868945,-0.566452,-0.898214,-0.808877,-0.761089,-0.686191,-0.700088,-0.765541
68.593003,47.29956,47.279071,47.180128,47.226533,47.261154,47.289716,47.251372,47.220054,47.306335,47.236434
2498.9984,83.802857,55.605714,53.665714,262.068571,49.422857,99.934286,165.571429,99.351429,212.088571,89.488571
69.296465,-0.848666,-0.845765,-0.909718,-0.622238,-0.88237,-0.839521,-0.785281,-0.684081,-0.708391,-0.786556
2499,47.915792,47.892379,47.801155,47.850612,47.879987,47.906165,47.870372,47.835123,47.922534,47.853223
,84.002857,55.777143,53.851429,262.845714,49.625714,100.194286,165.954286,99.868571,212.748571,89.865714
,-0.863674,-0.882026,-0.872462,-0.628269,-0.855816,-0.84369,-0.794562,-0.690474,-0.680715,-0.769088
,48.534171,48.511576,48.428674,48.478351,48.498924,48.527911,48.49329,48.457882,48.542742,48.474571
,84.157143,55.928571,53.991429,263.52,49.768571,100.454286,166.294286,100.405714,213.351429,90.214286
,-0.885566,-0.88625,-0.893347,-0.639875,-0.88779,-0.826741,-0.801341,-0.651731,-0.687492,-0.762345
,49.157834,49.136348,49.059647,49.108818,49.12541,49.154954,49.119593,49.090928,49.167771,49.10343
,84.291429,56.062857,54.105714,264.051429,49.902857,100.705714,166.6,100.882857,213.877143,90.497143
,-0.888197,-0.888877,-0.908381,-0.685834,-0.884229,-0.819998,-0.802671,-0.657491,-0.701293,-0.794674
,49.786907,49.763571,49.69469,49.740277,49.753504,49.784664,49.749546,49.72739,49.79635,49.736841
,84.391429,56.188571,54.254286,264.585714,50.028571,100.911429,166.828571,101.311429,214.36,90.78
,-0.906832,-0.887152,-0.869251,-0.653153,-0.883518,-0.836657,-0.838384,-0.663052,-0.690552,-0.768082
,50.41725,50.396805,50.335651,50.37638,50.385848,50.418988,50.382945,50.369548,50.429985,50.373508
,84.5,56.297143,54.357143,265.128571,50.134286,101.071429,167.008571,101.722857,214.765714,91.034286
,-0.884997,-0.892336,-0.89876,-0.612987,-0.891753,-0.862279,-0.860333,-0.645198,-0.718479,-0.771701
,51.04878,51.029019,50.981804,51.016113,51.024409,51.056041,51.019205,51.015526,51.061306,51.014176
,84.597143,56.391429,54.445714,265.622857,50.22,101.22,167.157143,102.12,215.097143,91.214286
,-0.887441,-0.894809,-0.903888,-0.613349,-0.90062,-0.857619,-0.871695,-0.624515,-0.745287,-0.821968
,51.687414,51.667819,51.632466,51.658429,51.666622,51.697646,51.660835,51.665364,51.694299,51.659513
,84.665714,56.462857,54.531429,266.097143,50.302857,101.34,167.294286,102.491429,215.388571,91.411429
,-0.911978,-0.9124,-0.897857,-0.596442,-0.893773,-0.872432,-0.86547,-0.610743,-0.747481,-0.781609
,52.329048,52.308827,52.285653,52.303974,52.310874,52.339338,52.30458,52.315533,52.333416,52.308845
,84.728571,56.545714,54.611429,266.511429,50.38,101.442857,167.397143,102.782857,215.651429,91.614286
,-0.907168,-0.884853,-0.894674,-0.601244,-0.88962,-0.876326,-0.888482,-0.660545,-0.748204,-0.755237
,52.971211,52.952575,52.940163,52.952337,52.958066,52.984831,52.950091,52.966773,52.978109,52.959571
,84.782857,56.611429,54.671429,266.797143,50.442857,101.542857,167.502857,103.091429,215.88,91.791429
,-0.907852,-0.897699,-0.910477,-0.693769,-0.898627,-0.869553,-0.873801,-0.599861,-0.750894,-0.761657
,53.615613,53.603697,53.597167,53.607108,53.606761,53.63422,53.601089,53.625221,53.627257,53.612737
,84.822857,56.665714,54.711429,267.037143,50.508571,101.611429,167.574286,103.357143,216.062857,91.957143
,-0.922336,-0.905116,-0.934031,-0.711049,-0.882273,-0.901599,-0.902144,-0.608137,-0.778329,-0.740433
,54.270171,54.258174,54.256619,54.265247,54.258634,54.285717,54.256376,54.286634,54.278851,54.268006
,84.854286,56.717143,54.765714,267.211429,50.574286,101.662857,167.648571,103.565714,216.222857,92.091429
,-0.932023,-0.898097,-0.898631,-0.755437,-0.866984,-0.915486,-0.883163,-0.641556,-0.777756,-0.768957
,54.925428,54.91939,54.920113,54.926026,54.914022,54.943368,54.912421,54.947298,54.935971,54.927982
,84.888571,56.737143,54.802857,267.345714,50.631429,101.72,167.7,103.748571,216.371429,92.205714
,-0.915276,-0.955211,-0.920705,-0.783205,-0.868055,-0.88927,-0.908071,-0.641906,-0.776533,-0.773132
,55.581686,55.581278,55.584168,55.588223,55.572898,55.602803,55.571828,55.608828,55.597062,55.589958
,84.911429,56.78,54.825714,267.48,50.671429,101.765714,167.742857,103.957143,216.477143,92.32
,-0.936931,-0.891219,-0.944137,-0.756868,-0.896463,-0.904536,-0.912779,-0.534688,-0.819935,-0.734743
,56.245456,56.248886,56.250854,56.253493,56.236854,56.267802,56.235348,56.270028,56.26431,56.257961
,84.922857,56.825714,54.84,267.588571,50.711429,101.802857,167.774286,104.157143,216.56,92.411429
,-0.962862,-0.864254,-0.961323,-0.775589,-0.882052,-0.909099,-0.924375,-0.452894,-0.837939,-0.764247
,56.910797,56.915974,56.918516,56.923469,56.904959,56.932093,56.899491,56.929386,56.933836,56.922969
,84.934286,56.851429,54.88,267.677143,50.748571,101.84,167.8,104.325714,216.637143,92.494286
,-0.956461,-0.912666,-0.871971,-0.781905,-0.869908,-0.89549,-0.926379,-0.477136,-0.829932,-0.746268
,57.582304,57.587486,57.58894,57.594212,57.576069,57.600586,57.569452,57.591557,57.605443,57.589034
,84.937143,56.871429,54.894286,267.765714,50.771429,101.877143,167.834286,104.488571,216.691429,92.577143
,-0.987341,-0.922247,-0.945276,-0.766472,-0.90518,-0.87603,-0.891341,-0.390687,-0.853797,-0.707233
,58.25717,58.262549,58.264796,58.267984,58.246311,58.272377,58.243932,58.252353,58.277348,58.256663
,84.945714,56.894286,54.897143,267.851429,50.8,101.905714,167.857143,104.611429,216.751429,92.645714
,-0.955563,-0.892941,-0.987555,-0.719725,-0.868472,-0.894043,-0.908723,-0.438803,-0.810261,-0.714261
,58.934051,58.938592,58.938644,58.944429,58.923064,58.942072,58.918448,58.917266,58.952018,58.924848
,84.948571,56.917143,54.917143,267.905714,50.842857,101.94,167.888571,104.691429,216.782857,92.708571
,-0.98204,-0.872364,-0.89809,-0.781645,-0.77023,-0.836119,-0.857288,-0.56044,-0.882564,-0.67919
,59.611164,59.61728,59.614766,59.620474,59.603027,59.613722,59.591557,59.587276,59.630931,59.600564
,84.951429,56.948571,54.94,267.937143,50.862857,101.962857,167.914286,104.771429,216.811429,92.757143
,-0.976446,-0.787523,-0.860106,-0.847085,-0.859676,-0.881054,-0.847592,-0.47313,-0.872198,-0.698312
,60.287654,60.296773,60.292342,60.298214,60.283165,60.289648,60.270811,60.268089,60.309408,60.279391
,84.96,56.965714,54.942857,267.957143,50.877143,101.971429,167.931429,104.84,216.851429,92.788571
,-0.915896,-0.854328,-0.978033,-0.875255,-0.87679,-0.943175,-0.880833,-0.470409,-0.795601,-0.778297
,60.968751,60.975596,60.975975,60.979435,60.965948,60.971138,60.954355,60.951206,60.986897,60.961801
,84.968571,56.971429,54.954286,267.971429,50.902857,101.98,167.942857,104.888571,216.877143,92.837143
,-0.899759,-0.940937,-0.898806,-0.880316,-0.739025,-0.929988,-0.901,-0.537591,-0.84127,-0.553782
,61.656717,61.655326,61.65923,61.664794,61.649612,61.655985,61.6435,61.639505,61.665998,61.64748
,84.974286,56.974286,54.968571,267.977143,50.925714,101.988571,167.954286,104.925714,216.911429,92.868571
,-0.922336,-0.963219,-0.848705,-0.944585,-0.710027,-0.90883,-0.875451,-0.545041,-0.73545,-0.660783
,62.343434,62.339941,62.343972,62.350388,62.337677,62.344221,62.334765,62.327274,62.350305,62.332111
,84.985714,56.98,54.974286,267.977143,50.942857,101.997143,167.965714,104.948571,216.931429,92.905714
,-0.796562,-0.904767,-0.925178,-1,-0.712258,-0.890113,-0.843049,-0.667,-0.790039,-0.483356
,63.030922,63.022759,63.033328,63.043153,63.026097,63.036329,63.025263,63.013538,63.03619,63.023669
,84.988571,56.985714,54.977143,267.982857,50.948571,102,167.974286,104.965714,216.957143,92.928571
,-0.92438,-0.874643,-0.94856,-0.902523,-0.877757,-0.953521,-0.831642,-0.597963,-0.645692,-0.578068
,63.714594,63.707993,63.721478,63.734948,63.71808,63.726975,63.717681,63.703918,63.723309,63.7169
,84.991429,56.994286,54.98,267.991429,50.957143,102,167.977143,104.968571,216.965714,92.948571
,-0.887311,-0.750979,-0.941766,-0.783287,-0.743791,-1,-0.931054,-0.911379,-0.840632,-0.512304
,64.406879,64.391654,64.41201,64.425259,64.410276,64.417074,64.406952,64.395715,64.411521,64.409409
,84.994286,56.994286,54.988571,267.991429,50.965714,102,167.982857,104.974286,216.971429,92.968571
,-0.84876,-1,-0.774164,-1,-0.653644,-1,-0.798906,-0.775734,-0.850537,-0.362849
,65.100331,65.084549,65.10534,65.107893,65.104342,65.110657,65.099905,65.089814,65.101468,65.106538
,84.994286,56.997143,54.988571,267.997143,50.971429,102,167.985714,104.988571,216.971429,92.977143
,-1,-0.819338,-1,-0.614733,-0.710027,-1,-0.869561,-0.113789,-1,-0.554473
,65.795126,65.785777,65.801734,65.804625,65.799049,65.799877,65.793959,65.783931,65.795803,65.801416
,84.994286,57,54.988571,268,50.977143,102,167.991429,104.991429,216.971429,92.985714
,-1,-0.744062,-1,-0.711049,-0.343746,-1,-0.56125,-0.710816,-1,-0.263912
,66.493102,66.488449,66.496612,66.498116,66.494159,66.493605,66.493416,66.481574,66.49128,66.496347
,84.997143,57,54.991429,268,50.98,102,167.997143,105,216.977143,92.988571
,-0.616858,-1,-0.794239,-1,-0.671873,-1,-0.310535,0.648352,-0.647266,-0.623777
,67.191622,67.18737,67.192873,67.193748,67.192094,67.192603,67.193748,67.186307,67.190513,67.193748
,85,57,54.997143,268,50.994286,102,168,105,216.985714,92.991429
,0.149425,-1,-0.050332,-1,2.463563,-1,-0.195624,-1,-0.370118,-0.435666
,67.892071,67.889616,67.890668,67.889616,67.889616,67.890668,67.892071,67.896981,67.891315,67.892071
,85,57,54.997143,268,51,102,168,105,216.994286,92.994286
,-1,-1,-1,-1,5.234414,-1,-1,-1,0.202501,0.410835
,68.593003,68.593003,68.593003,68.593003,   -nan,68.593003,68.593003,   -nan,68.593003,68.593003
,85,57,54.997143,268,51,102,168,105,217,92.997143
,-1,-1,-1,-1,   -nan,-1,-1,   -nan,0.763668,0.881114
,69.296465,   -nan,69.296465,   -nan,   -nan,69.296465,   -nan,   -nan,69.296465,69.296465
,85,57,55,268,51,102,168,105,217,93
,-1,   -nan,5.17284,   -nan,   -nan,-1,   -nan,   -nan,-1,4.643341
